,url,directapply,salary,jobtitle,jobopeningdate,contractduration,company,city
0,https://indeed.de/pagead/clk?mo=r&ad=-6NYlbfkN0BmgHj8b9RlIjsw0JlqLxeEtGuOxd2fbhScYXMt4rfS4GPqGz7A0Dh2_HVHN4z4C7jVoBymTmRSFLNqGm4D2PGYSSz3deZJGDGEh0o8Xi1r17gPKpE5DVNq7UiCtc1A1BB-Cefwak-TwbcbRRz_qJt4fZ-ErQeNroY4zrT9nIreez7mnPphE20In22oJNIgRdQI0khiyg3j3XvwliPa1yKZGzCeMVOY_C4PTWrbNleGABPQKiYRqdDnrc5Ymtdh80Rx4nA6M9TqqzSxSgkJYxGCbZ3I8eK7uHVDV8VzDRCVSBQyaHl6cd-RSKPuj-rwismGategV1-mr81mLswNJVktiZz3gNt-pNx0nO_ORiAjzc_l6wtUz3DMGpAYGkXhaRilqXIMhKItUXX4kELPtTE8PVxBQw27ul7GMuancPMKDVV62qtoAkU3-cCdCod45q5PM6dIVCOKYMTXxnIcFQt3WrXnwlprVPGa8fP1u-UPDtARmEPl4Cefe4wxkUNLJQwGcDMuq18cIbS3u1MOYd--epN-v9xL4IBPq-aClrI0Ll7mijFBdgFkiOXxf5YG1LVR8hXzY60pUyW5IXkfMaETMcnkF34xFi--pKSCXJ-rhjqP3YqRAnaGASbogfMPDleEZ1yusHDxPmP0KakHijy_RjMRKIHE-sO5uuxgxNN3lvsl6UBfuHd8eEc9xtt0hYk=&xkcb=SoBX-_M3SEe59xQsVR0LbzkdCdPP&p=0&fvj=0&vjs=3,https://de.indeed.com/applystart?jk=481652a6745b701e&from=vj&pos=bottom&mvj=0&spon=1&adid=403894413&ad=-6NYlbfkN0BmgHj8b9RlIjsw0JlqLxeEtGuOxd2fbhScYXMt4rfS4GPqGz7A0Dh2_HVHN4z4C7jVoBymTmRSFLNqGm4D2PGYSSz3deZJGDGEh0o8Xi1r10RXxrIdJNMutwVLC1p1QsVw4MSW1jViXyUwLET0UKzhMyosUp9IDJ9jUsatIiEIfHOUdDxIKe7mSnDR9u_NZOPEIxIAoJTC4rAp6XRoT5hJViJbc1TEMEp-FR0V88zI0r9rjG-5iUKU2ZWk1osvp0PVBRoL2SfrLOU1IMY6nyubsJ34WqQ9tqVqd5u2BYJBretgwsNLmu2YTnojbawnOPoSB2t8YP6os_N7qhaKsS4nbRNo52wv9WfB62r48U2uH4KuIpRgeB-fbmcXqfxcctHZiokHXKrfSMAYnITms-ZT0VCJ_NL0W74%3D&sjdu=Tiy5YVzklOqAHjtChFDdXFMHRwYxuA5V-0rMIz9OdaSr3SWzsK8c0DJxJ8tT3vMYwDx68TBvBiIsOEiYZanwhiGQtO8oD4RfdWV-O1W7ZP74wdUNG47IY4fdpQNXF97ow45JQX-_gzH0QrEDvswfTw&vjfrom=serp&astse=d6974af256653a7d&assa=401,,Entwicklungsingenieur Maschinenbau (m/w/d),,,FERCHAU,33609 Bielefeld
1,https://indeed.de/pagead/clk?mo=r&ad=-6NYlbfkN0BxmYOcUAOCxszE55UOx1TO4Bjpw4RpwxvlqCjBXNXKm5TbtsH2cqhIj3BRg4Niml3ZH4uk_SynaXxi92Msf66DJkgoY2GsLDmrAmew0OSogpPY7rDd5GBrbqTNEdyEnorbPbSojPLyZBIsgCJ1WcYyPXmwUdMmbvudU2boKPrHmZ6BCUYGmouKJ30DdYkmruilT6C3ghNTluZ9QMISY0q85KxCg6T-5fBHJIEj8SlVElGRJ2yJBdkxO6FqDCDZOO1j3s1F9giOBl4YeJ71wyDpVHlfprCzo6K4hbsnF0FonDCy3VcrtxISlKQBoMEE1NxIxbJS6pdqsnnY_NjPuFvn-STsxP3JGCfF9Aal6Cqj0TVhSBqPj4iYsmyQQ0KlTBm88s4-5wIFE4qAMa7f0kiciMePe30IWWkOjHqYXY7bdZo4JANBEgowGTIpCDVh6Fl2Vp1GyapX3Qo9xg80EMIrz3iOWfU-6CU9AwpLZJPqJ0UbI9i2xcddbwjIIeBDoZqv6vdRmFnl_4Lm3XUOo1GnogtV41VVtqYeee-O2Ut25JSlfxF40B9Oic_c7rws2UBy_ce5ik7HkLthdiCvMYq4EjU13LTzfqZrMnhkT3VO-E4mJGQx8fTdvruwLqEw9vaRtsqlVtCH9EXTTzTuYcgNmKQe-ruMFG9IyoL0JdHLDwlvEtrzawVszPEbZOrq12azpjkY53uNnSZwPQtrFSoCSy_OSCNUPNU=&xkcb=SoAS-_M3SEe59xwsVR0LbzkdCdPP&p=1&fvj=0&vjs=3,https://de.indeed.com/applystart?jk=97ad93cc6fdb1cb1&from=vj&pos=bottom&mvj=0&spon=1&adid=382267780&ad=-6NYlbfkN0BxmYOcUAOCxszE55UOx1TO4Bjpw4RpwxvlqCjBXNXKm5TbtsH2cqhIj3BRg4Niml3ZH4uk_SynaXxi92Msf66DJkgoY2GsLDmrAmew0OSogr1y31-FyDt4pFnZe_DapX7QFa_D9udfysTcTYXULS98FXVggEGrKa1ekzXo00qsceEalptjl4LbylYAJAcFRaiwRmu7QFmLOmUV-BVpzxUDcfss3sMR51WSrS17tBQueBzNV5AQsJHFSbQ8JfGrOkiQSzMTxMUTz30sJYAJdu2dsVnE96_9LbWJosh4OU4nXe0odxw0JJ4LI2r7hGWLCuwK9tb8RRDduxPeqzQLVDerc0G6QN15HgKBeSxH1AFd8AlwCKvBMwM-ebz9CEfv_L1SDqqDmR_jr-EIfqCV0DVc&sjdu=rKUc8xntB9MCraMqAzXqILUF9tVshesbZsE2vVGlBOIh3OXI06QloHKKaiGDmPLPx_FFEtCgdZoM2GhHWjqbyejWJba3dJP2HFOTTUYrXg9vmp4CQ0JJT8Km2xkHvYvzIlvpZnhQGkytrYrja5ikMOx8uMTvnNDM9NCbbRqi-Nc9Lw2SFz850cOdm6Keh9LOqBFiNgx6sQM7RgCn2uWzoAqViJxKO7yF0D1equJ-Vqre5LlACJbVMH4bMMN4Pz60&vjfrom=serp&astse=dc2763b94b2c9722&assa=492,,Entwicklungsingenieur Elektronik / Elektrotechnik (g*) Mikroelektronik - Leistungselektronik - Antriebstechnik,8,Festanstellung,Dirk Kremer Consulting,
2,https://indeed.de/pagead/clk?mo=r&ad=-6NYlbfkN0BmgHj8b9RlIjsw0JlqLxeEtGuOxd2fbhScYXMt4rfS4GPqGz7A0Dh2_HVHN4z4C7jVoBymTmRSFFGhgPsMj5dHXLum-15FXpqIQ5FsGGKQBnrFIf-g_b5hCdW1LqNaqzg5PlgrEzidRdoyg79p4cVr3BzA4O-M6KOCqpitG0xBbvVHPvyjc0MzWPbbrZZOYGnXLK88Nq03DJ05r3Eoh9dduoukaL0oj84yVbIPHbmR-qxXtVevD76Uxege-b2yQqSBdEVJ4JeN5GF7aqkysJJhNDA9QBR-KO5O9g3FQSJl6fYPzh_hYwBjLhCaSF5MO4G18e18igFLr4Hv94TVArS7Q0kaf97zFXfeLFFqfVeBXC8haQccLyvZArZDM4gpHsF4EkGI9uptGORnu9rK2sHuWKi1SSHvysLtuSm8qUzfeIc6tqX_bJmSnkV-2_JF-NUgt8mjAtUJqFks0h8iJpyImxolbv7KGj7uTfWbhJzyLxIay_KojTJQpornfcgZ0JshCT9IxwaDxkgunx5h-jOQFiRNFhpDY_bH-_e5By3-7QhAotOOWKSX65PYuNfIm0AGnvJ35Jl3wSOnYRfttG2INDFL1f-XRXVQ7rS7aXihkwiim6uVrJdjwg6uSrPFJcacIHu4hyBbNAeXOkxaKmoERIbFmYFfZQxuij_OXUfxfpNoUuYLhWiFz8slWlpau_g=&xkcb=SoCm-_M3SEe59xwsVR0KbzkdCdPP&p=2&fvj=0&vjs=3,https://de.indeed.com/applystart?jk=8bf5d2a77952bc36&from=vj&pos=bottom&mvj=0&spon=1&adid=403894413&ad=-6NYlbfkN0BmgHj8b9RlIjsw0JlqLxeEtGuOxd2fbhScYXMt4rfS4GPqGz7A0Dh2_HVHN4z4C7jVoBymTmRSFFGhgPsMj5dHXLum-15FXpqIQ5FsGGKQBvzY4mbyeqCIpKaKvlQQM_8VZEGX103AsCijOK1LqZUoBk3eldTJ61bSzfYKup6WyBxIcQl2fiF813O6C68nUkm-sD0XM4CuC0hhKAF1hj8glpqrS3Tn6hT3W_ro7GuenYzCHBoNXS3lxDwKsnHmbbuty01p2uA3X2FvP_N4n9B7H0pdm3TCr94ZUlDtZc7gJanJrl5UR7d8y50rcCJLOvWaDz-ICVZzw7-rcX1xrUpXyMDLVD1AKoNu9uIrbd7GDaIvZ5O6lAihyBtybmo-D60rbMzRN1uCBHXHrpLi0vs62q9Fnhc_SkI%3D&sjdu=Tiy5YVzklOqAHjtChFDdXFMHRwYxuA5V-0rMIz9OdaTLDrKy7ZyG99ilpah3lgXosmtW_EG_tT0fhHPb17TLSiGQtO8oD4RfdWV-O1W7ZP74wdUNG47IY4fdpQNXF97ow45JQX-_gzH0QrEDvswfTw&vjfrom=serp&astse=6f6407ba979f24bd&assa=4013,,Entwicklungsingenieur Elektrotechnik (m/w/d),,Festanstellung,FERCHAU,33609 Bielefeld
3,https://indeed.de/pagead/clk?mo=r&ad=-6NYlbfkN0CkCsbnT_LGxu_SlXn6UTOYrzJlx-EQzBayPPEPvYEukHUyGimKfQGd1oidFnDR2v9q5eVoQHjBUpIWfl4SiOhCvUGWDj7G62N916N8dKzuvbkuoqVKKpwbX18se6MmO2Blo2lL7c-QxRu5DdLiOMXy8xJSiYvZ-0KvIVLuz9MyvshbLTBXZVCEUdcYYuwJ9VH1FL2qX8OsP0mzoWbCmLVDREPstE8XdAcJTz9twxS3DwwnH2EtSVEnYqAR-IGH5fmQtk3tWA8dIptrZS7EL9bxsBFYPyCDx0-12fC3UZvfN2orlq1OOu_guJQEFSnAZDWOngWlPKh1OuJWdAzUGO4ozTV8s3WUaeSTu2Aoi7uOD_1vKqZdCbsK_9ZX16pBKrDrRLG3JvDLFVtBRQxtpOAOTRcXACmaef0dK7V1ZXkp96hT4lPYRZ7FmGoK6tg6nQjYNw2QIrILihiE10zm_d-dZhpzlqTrBNHl2hy2HsokA16uC4YuION9R6B9ZSMlLaC5W9SD4YC0-AGQdJeGXesPCi9on6jHtYfMQCg7iXta-CHCmnZi1rNQqs0MBiy4VmLP3gSagXockGShLfU8F6ahQg5bFOblyRCWi-EijPkBD8UMI6sMWNsYnFRXnVTzOtrXC3no_y4rrggnUwsCV63RfDB72oXiiRYixgo_lIrTuEb8h5eg9WzhYod1Y3gD7FYdgi355FXmtGUcbhS5ClLPIgXqG4pZlZmmpPZ3MW2lwdIp8tXTEcHiMsrGhti-b5hpOsvZEVFS47T__JXjDKF0H146QnUVEX24ldFP2MRV_nEuPkD7bSw46Au2Wl17Id7p7sZaMGwG3oRIU-QWfIfObSXw6RfkxAcr7i9bHKshe7Y4M2G1vyyDNfz-hpQzxz5LiZ7eEGvKXtT9JjLWfvzG-py8jXC34bb5IpVqaJu1lwjWVJk6FZ1n&xkcb=SoA7-_M3SEe59xwsVR0JbzkdCdPP&p=3&fvj=0&vjs=3,https://de.indeed.com/applystart?jk=55f00089202d2e79&from=vj&pos=bottom&mvj=0&spon=1&adid=387739523&ad=-6NYlbfkN0CkCsbnT_LGxu_SlXn6UTOYrzJlx-EQzBayPPEPvYEukHUyGimKfQGd1oidFnDR2v9q5eVoQHjBUpIWfl4SiOhCvUGWDj7G62N916N8dKzuvUCFgdY8eUiWOb-qmtEJVmqDjkEu1lrLPc931tt5Cr23yJc-y-RtHJ7nHFrcnMu6a47k8k2D59llZC99fxlenrG0yYZaIxnndJquoCW9H_X-PLUa5USd-FLBcdZO0de2sedy6ZKlq6b5xaEQyz-KvWnWN4jlc6-ge5widmQ7zrskSVjp3NjSJO5WRkUOGCCrcazW3ne-EcfiM4DnN1H7bkHvtC5pb2_GBwWTQP1blsLu5VMVmyQvZ7ICv-KJErgwRCHkjWuOBF2thukK66DXIcE4ZnlCpnAu8kv0cP9zGkLu&sjdu=1IerunxHXM-SfwCQssS3pCa-cwWFpNP9A_5hM61WjFe3_PmEyLg5BRdqhIqUaCPgDw33GF4dDXh5xZzVPdoqSKEL_CyYxRZcbvrIYDmjloj3XLL1jN1XC9EIAOzqU7dXwUkC75OFnZwjQj6Y7RHFnRGQMn9M80rn2YsO6y6M0xLmHzQkc7m2ZXEkULlTqcceoG-fXIRneY3GLD7bjJYy-pAvfJUiDn6mqiE9cqx1pZiDywUINuJ9GKBIwO_bmDwGB1vSVO6_pFdUuoUsEH4gWfKVrxtz2_abG_WB_aWEJzDZOO8lmXpI0CRdEtsjl_-dFb2P_ud-hIuyQXPf3gzybLvoFOHVVzH0ttaaNbC6ykg&vjfrom=serp&astse=962bfa6196f05991&assa=7688,,Entwicklungsingenieur Elektrotechnik - Leistungselektronik (m/w/d),23,Vollzeit,D. Kremer Consulting,
4,https://indeed.de/pagead/clk?mo=r&ad=-6NYlbfkN0A16Weu5Yzf4_QWZ3B8fjE8iX0N6J5Rgv-21RTs2R6hNvGgSRCfOHg4HmyMn1sCCut2tl9Vlqc9LVANrGFpIjFqEmn_PzHCQMg39adlARsiUmvnonhUOmWrKGqy6Db9wLku1fC8gdsDTj4OOkTzvd_a-TsBD1kY_L57aAk8x-zzDHewefCRbO8Cl2t4aKXyjqHLT3sGYVazZa9doKUog77xj0y2KTbtYEBvo2pUfosgBozaF9WMgIm2OwxtA8YUnMklIrr6wfFmnPiCr5Hlv1fiE6E0CeQPI4KLxD9N3OaoCd7DO9ocJDc0jUz7PuNmTJcoUd7wJwvYJxxZLMjQO9qMG8Ku3SANKi3GSH2Ckum2_sNKci833-X8bJvGBgV6IuTUavpnx3knq6IniW0XhSsH_O8693hFVuaI4RKPioIh83nJ9dupCdNY4v4euZPk8IOHKcmV1u7BLCXfuZYZjRiu_Nv0EBUX3hqF12CixKkS_ePfvCeTj-6XEiBio3gjrprAgn_96fzeJvzKrGPk5D5yFF7O1rBzyJslu97tK-oIc89xhLfJ_8bViQJ21jqsvyIxtIo0n9930y9jowwV_bmo&xkcb=SoCc-_M3SEe59wQsVR0LbzkdCdPP&p=4&fvj=1&vjs=3,https://de.indeed.com/applystart?jk=73927fd2e69b3347&from=vj&pos=bottom&mvj=0&spon=1&adid=405111491&ad=-6NYlbfkN0A16Weu5Yzf4_QWZ3B8fjE8iX0N6J5Rgv-21RTs2R6hNvGgSRCfOHg4HmyMn1sCCut2tl9Vlqc9LVANrGFpIjFqEmn_PzHCQMg39adlARsiUmvnonhUOmWrfwTbieN9chPAzZ_oGs5h_purDejDOFvHXi4_UgQEEKOdh3oS-TjQOPfjMPAxIBosZMEwztOo5KCA5gGO0JPX9dJAWbZ3B_obYO38pMNKhL0zX_ePJDHMBwgG4cd1foTCbuFQW-qgCctZSYa2H34cDMp4-EZQB2_rYFokk5aVLrU7awv7pT4PKyDoMEaqTNcvZlfaeX5kATapieUeGler-iHqOLC4kZlGxSZukWsTvA44_ycjGGCyw6CxS6gUERnnN6C_VSqLSbIPLzvgx9bDYICXppdUJUHd7TUCEpUuqfG2nlxbKJY9vQ%3D%3D&xkcb=SoCc-_M3SEe59wQsVR0LbzkdCdPP&sjdu=44vKQK7t1yJiRGPq7nTrl21dE8-y8brSLoj6C08aa4C3tYIvQ1g5rm_Tpaaj-MRlBR4BoynoAQTwQeW9M4eudogrdicL2QL5mJi_vV2sbFEtqStjbJivsiMeleBMguPV&vjfrom=web&astse=9529efb430e98364&assa=1237,,Elektroingenieur (m/w/d) Automatisierungstechnik,,Vollzeit,Personalhaus Gruppe,33602 Bielefeld
5,https://indeed.de/pagead/clk?mo=r&ad=-6NYlbfkN0CpBbioUG-pno_oPtZ0n26bDubwaG7X61GxR28E-uhfKdCXL-RqEeCS0lyuH_iIgN_bMBCXcbMZTBMtwnAoPGkJi3z_zuN2PPpsw6EebZ4Rb3Sshx4V9Jy76KOZ1_sGIF0Nx9fRaPN8sRpnDv7hIqxVpXBJZuYgt4obxlxemkFQLQna-yXU6V5X9TPX36mmV5PtH-0ArWy7hpIMPI_kYHr4fwCqsbNr1es9JmGxd8VQd4enJDJiaV3-4j_swGdvZ19K0ONjRCWcbuAsNZbELv8I_aIOhAh1KmISY7vmjW6OdBd-iYD-DfyWt_gVaNPj-FFffa-XoDQ1aL7I1JpKEAiCUwP3u-_vSXcJPi_sPb8M-oy4i6OJ4YNtSqg3IhjsPMEVgmTM2WZ0laK0AqdoeL8Y4_ZqmCFiExxZ6WWUb79NvjPxTz_9o9ASnS9COXYw40CwlhVwDRmyS1S-gvcXpG8t0y5nRpmeXZWFHEiQP47Ri5DxWVlMDUeZ3p9Cd-_XewtPlBlepT5THybYd88X7SFryJ4S_efndqH86bplMB4gFdHzbsvR4_1mRj8dPfdKU6oHfv5NPrNSzPZYyrusLC3az3N7BqdwK-7EPiUPHmVsuRKuvuo4lALgkyzWLsS2LCHl8DLeXNuZpCR3pluAWOuVPxaFidn751PGeQOI_LT0cc1ssDMrUbPtE7sIwtipb_dmbkBfrA3WzW37jKa7FMbROedYfLGPwVBCMBqnQko-wLFiIoUt10T4BgBtwn2RD9IdsOVDeGojqQA-pAJpnux0w2AWWQJf6wbL-xqTADvGzbglDNuM62nEOyHAjnr-3Uhnsu418XrByo9t9XEBHPmihhTtO1G8EVTRcILhieUdVLmIqxo2_sTCou4_4QuVCIEucBUfhXxH7x8HC2DAmpNfIsJfa1Pc-Zo=&xkcb=SoAo-_M3SEe59wQsVR0KbzkdCdPP&p=5&fvj=0&vjs=3,https://de.indeed.com/applystart?jk=048a5b7088ec1c04&from=vj&pos=bottom&mvj=0&spon=1&adid=399610602&ad=-6NYlbfkN0CpBbioUG-pno_oPtZ0n26bDubwaG7X61GxR28E-uhfKdCXL-RqEeCS0lyuH_iIgN_bMBCXcbMZTBMtwnAoPGkJi3z_zuN2PPpsw6EebZ4Rb2vbPEn8Fk5pAlTHv6tmSZTa1oE9womSMn0g6hwkq0tk_-XnjVbeY_a3QUl0E0FzxdVBiMwcfD3kqWVZVIOkKRBLxI8BChJfd89XcWuD-GoDrjeBcShNvaNTwe8KcdsEuNtorPoWjcfzgDqVTNZ8Wfjp8ifYR7wYn-41M-a-Vy0IbW9JxNs0mJ21a-ZgK9Y7ghmGc2ona0-Hbq4irkV5T_sfLv6Q5-KCbCwLOrNlkWFrQNGJwCgvbSLKblRezUcVgE5P9-R4EAHa22_bu3-sl8pR1VTurm9w3biM8z3uJBYe&sjdu=gIk7IymWaHs0dDkfvWak9jMPwfuyvHijUm4RDzS7kl0i1pQdZqYGzawO4yfVZqZEXYfrQiqlJdBb6heOYnO_9MherVp056-RYGZhKMsmO3XbYrVu3_0Gvq3O2q3TsULoDDCHZ3unXc5izOKUzjE_b31M1lNBxL0XrdM_W9TG2EGBFwFU5rsd_NgRiANTWS7Pgy5La-jz1xRox9bdOBJzzoFyxrCe_-zFS4xoFvLXH7e7TsW5KcASe9zcQ5iqK4kLNXcicvcfzqGqYMwHXYUSbg7sHg4cAzcDhGumDsZdl5UQcw-hP79jSamjC39KMWGP&vjfrom=serp&astse=7bf5f0ae29aec286&assa=4683,,Entwicklungsingenieur (w/m/d),24,Festanstellung,Brunel,Bielefeld
6,https://indeed.de/rc/clk?jk=f9f79322a88056c7&fccid=8ba112b2e2e7bc28&vjs=3,,,Ingenieur als Entwicklungsingenieur / Konstrukteur (m/w/d) Sonder- und Nutzfahrzeugtechnik,9,Festanstellung,SCHULER KONSTRUKTIONEN GmbH & Co. KG,33609 Bielefeld
7,https://indeed.de/pagead/clk?mo=r&ad=-6NYlbfkN0CpBbioUG-pno_oPtZ0n26bDubwaG7X61GxR28E-uhfKdCXL-RqEeCS0lyuH_iIgN_bMBCXcbMZTPapDiXPdSp2YQpn-FzPWxqulv72A5kuqiaWWCmsfmvET5r8yKr-fGAAirl_QkxRR9qajNHj-nsQ7q5MZnAx494WJtKUKpQB0gUZz9ADGm7Qxfu4HPZ_lTs2m8wl7zUYaFCSyumxIw-jG9VDTcBFGlK_GIVfCqF1a5qQPsY4GKnw6f-Re1hZWFFwszprTC5V7d5v2pcuILpa-alHcaES_Bt9smo8sxeRQnvRu4d9tsQQc6SDtW58dBfc9ZUqShAOOY5Su_zBEZsw-shNOwQzgXNfOng-W9zFUbUvQzshzagqJ82Iws9MPKmLPHK_aRgotB3psYIawyyiDrvMFHH6BSdfJamBKa_w0xhuxLK-kMrovYiawFZp8PdQmB5rsW8wCsB7F1oT6D2HUbr5km7Nbk6iWcBXG9GP82TBSg45E60naS1Ow4uwgwTDjEG2tVXp6ECG5rOGgCGYWdirmHIMCWq8oP1xGMuqSrsYWENbnr5FIwjIkjW2z7HD85NV7tO3HLYZmwcQ9zpuD6dmZIIJWi2GxsG1O0NIDShMcEW9xTAOWd-8tt46se4h2qqKf3kxVrwVOo6hjye_Ym9Yiw6znVevz2YfvUlScK543Ji6capQbgkP8dWcVZA7_Fzx_DA-vv37JC_sVytdYyupVD3e7bQhBCd6J3_xdP0rd1eJ0NydcotGdOeI8JyJQoD9AxlMtNpSLaHBSiB-hfuWKOgZY5XJ-oS88l59QRJ7jzv8M3Km2o-CjcGluOfbOAPsolmpk3k6LeUlamN-cNSktK_UtysBnQr3a1wHI2B_UxZIJNqyEfSUSlR8J16JbmA3AVVV8oLvNwejjTRYbg5Vpf978xx48FbJKJK6b4SkdWVFK-1q&xkcb=SoDZ-_M3SEe59wwsVR0LbzkdCdPP&p=7&fvj=0&vjs=3,https://de.indeed.com/applystart?jk=fc6cdf76bff286f4&from=vj&pos=bottom&mvj=0&spon=1&adid=399610602&ad=-6NYlbfkN0CpBbioUG-pno_oPtZ0n26bDubwaG7X61GxR28E-uhfKdCXL-RqEeCS0lyuH_iIgN_bMBCXcbMZTPapDiXPdSp2YQpn-FzPWxqulv72A5kuqgfSmyYfWEiHVSI6Wc2L8dK-G1k9PcBFPGErXRqL-5mNVmkwmMoAe5o9WbgUPFBigm3iTfo7UhPgfgbB2WO-pv7QcT22cTd9uhQiCEs64MYrV6UIiVWeznoHzCgWIF7fu9y4oHQJngrApaXiuH7VgVbD3D1vELs4HiJLrxQf5bfl_3CbkO0wMV1u7y4prR9muLZkeeZJECaYjzWzE1twVTHK-EHca_dp9eYUM2L8sgGbJSqMBxB1cd-GTUKLbdfNAmYAcWsTHDzJH7MYLd5-Ntjacl4LHFeifUhYVZuG9Gtk&sjdu=gIk7IymWaHs0dDkfvWak9jMPwfuyvHijUm4RDzS7kl0i1pQdZqYGzawO4yfVZqZEO64PxNcifhjlsr0OKfp2q-cTa-hsbV0MQlEVERhTwPVQm4G4wUVYZiBFaq-ERQswuOe4u6_u3x4lYcmOkaj6PgUBXshNsdtz7cDwOKf1zasDM--SKBIKapqOl2ZJ2YPmIQkaSiz-RokYjnescBgCsvMIsLJVK_MKgQxggTQvK2443rDVhEZX_8Zmg4zqEyqGZmUX17PNglBUQX_EPSvWEnePOnGBP62w2E-a9gbBx9i-Bj8GGoQnKMNorTgw9JZwJcgx4-7UmF57QRB6pwPslQ&vjfrom=serp&astse=832e1b022ae0e8a1&assa=2699,,Entwicklungsingenieur Hardware (w/m/d),24,Festanstellung,Brunel,Bielefeld
8,https://indeed.de/rc/clk?jk=962967acf8b5bb2d&fccid=c293640f359290af&vjs=3,,,Entwicklungsingenieur:in für Stellantriebe (all genders),4,Vollzeit,munerio consulting GmbH,
9,https://indeed.de/rc/clk?jk=6ef04899f7953834&fccid=65c6cb7435980933&vjs=3,https://de.indeed.com/applystart?jk=6ef04899f7953834&from=vj&pos=bottom&mvj=0&spon=0&sjdu=YAMd6UJyGWgvrHoJpyMluoDDplm6SwWjHcxyoDIphKmLfpi-vCoxhe73hAwV6HIXkN0wkll9wDHc3mnStM4Hmg&vjfrom=serp&astse=68045d3729df9389&assa=9360,,Entwicklungsingenieur (m/w/d),,,TOPSTEP GmbH,
,url,directapply,salary,jobtitle,jobopeningdate,contractduration,company,city
0,https://indeed.de/pagead/clk?mo=r&ad=-6NYlbfkN0Cyb__QRAovmmVLgKfQePlhRiPru_LCgiEHT-gsinGc_vHYalINiBwuE-p_rWrgGTJBN5BcH_AbZhRCvnE6ot_nrnO76kCMpXos1ng13BGbH7sotQXqaMg2F1s_uXkGcW8ex2MHB_eAU5BAh1HP3y1pazP8YXFyzQ1FfgBjMW9ZyM0W2-5nvsw15OgX8_NpRo96HTtR5F6fupcKBuphdshTSCGwFwFSKOAzFlhcLBEZkbGIzUf5hft68Op1LfgL8pHgq1wo2NNPtTlbGXH_0koR7jjkIDWiwJYr4SSpHsg--GlgVVhVTdLyXHAFm1w0wS0-fubycS0hkmchlTW9y8wYlXyM76A_WpcRiz4Z72er0RtdAHb6qls62gcrvsncPRi52-yPJZHR-uNbt9kSH4JJRpmboSPjKUlfAWV1AEnPgamTbLI2QEg0dsBu3Ruk8kRI3SjXtp4WuL225hT1A5egSuS_oWhqIRURmgyGKYrAo_yY_FqpEWruHYVQlBguSyXvf5JOoP3fdntn5mTZIItcgeKyETR3RcmfjI3yG0U5Q7_NyLOXixR_6Oa7FmZYema8tSBTzp8_oCYgoImU6Dl2uLNKGc197ExaSddYJl9SnpLjB8K5km4a&xkcb=SoCA-_M3SEez2xRZZx0LbzkdCdPP&p=0&fvj=1&vjs=3,,Ab 58.584 € pro Jahr,Entwicklungsingenieur Elektronikentwicklung - Standort Eisenach,,Festanstellung,REBO Lighting & Electronics GmbH,Fulda
1,https://indeed.de/rc/clk?jk=fd78606dc93fba47&fccid=9d6c347a0f909a6e&vjs=3,,Bis zu 60.000 € pro Jahr,Entwicklungsingenieur induktiver Bauteile m/w/d,21,Vollzeit,INGSERV GmbH,36037 Fulda
2,https://indeed.de/rc/clk?jk=b91c36e5f2bea166&fccid=d7905b0f30cefe49&vjs=3,https://de.indeed.com/applystart?jk=b91c36e5f2bea166&from=vj&pos=bottom&mvj=0&spon=0&sjdu=YAMd6UJyGWgvrHoJpyMluoDDplm6SwWjHcxyoDIphKn6zS0EvTT3iHds6pYVF3ldkN0wkll9wDHc3mnStM4Hmg&vjfrom=serp&astse=8f9fc3535a5328df&assa=3686,,Entwicklungsingenieur Mechanik (m/w/d),,,Jumo,
3,https://indeed.de/rc/clk?jk=b39238de8fba9fa9&fccid=d7905b0f30cefe49&vjs=3,https://de.indeed.com/applystart?jk=b39238de8fba9fa9&from=vj&pos=bottom&mvj=0&spon=0&sjdu=YAMd6UJyGWgvrHoJpyMluoDDplm6SwWjHcxyoDIphKn3AaTDnozkk-JxugjWEjWEkN0wkll9wDHc3mnStM4Hmg&vjfrom=serp&astse=9d6475e05823c24d&assa=7162,,Entwicklungsingenieur Elektronik (m/w/d),,,Jumo,
4,https://indeed.de/rc/clk?jk=ca0413f85144d429&fccid=d7905b0f30cefe49&vjs=3,https://de.indeed.com/applystart?jk=ca0413f85144d429&from=vj&pos=bottom&mvj=0&spon=0&sjdu=YAMd6UJyGWgvrHoJpyMluoDDplm6SwWjHcxyoDIphKkItpOlx-TNBLdi4r1U1RKYkN0wkll9wDHc3mnStM4Hmg&vjfrom=serp&astse=84d242ae71943a2d&assa=380,,Entwicklungsingenieur Software (m/w/d),,,Jumo,
5,https://indeed.de/rc/clk?jk=44751f90a6bc6b1e&fccid=db938372e381ded8&vjs=3,https://de.indeed.com/applystart?jk=44751f90a6bc6b1e&from=vj&pos=bottom&mvj=0&spon=0&sjdu=YAMd6UJyGWgvrHoJpyMluoDDplm6SwWjHcxyoDIphKn6bqZhv8A7gwiDnMVr56t2kN0wkll9wDHc3mnStM4Hmg&vjfrom=serp&astse=1e2feef0f1eb0dc7&assa=3716,,ENTWICKLUNGSINGENIEUR* / BAUTEILVERANTWORTLICHER* FAHRWERK,,Teilzeit,EDAG Engineering GmbH,Fulda
6,https://indeed.de/rc/clk?jk=0634ea051b795f24&fccid=db938372e381ded8&vjs=3,https://de.indeed.com/applystart?jk=0634ea051b795f24&from=vj&pos=bottom&mvj=0&spon=0&sjdu=YAMd6UJyGWgvrHoJpyMluoDDplm6SwWjHcxyoDIphKke2rCMqGPM7GlqLFYN_3E-kN0wkll9wDHc3mnStM4Hmg&vjfrom=serp&astse=f3a44d6d981b5a19&assa=6968,,ENTWICKLUNGSINGENIEUR* AUFBAU SONDERFAHRZEUGE,,Vollzeit,EDAG Engineering GmbH,Fulda
7,https://indeed.de/rc/clk?jk=d8501bb8d2effdda&fccid=5f5667539d575e0b&vjs=3,https://de.indeed.com/applystart?jk=d8501bb8d2effdda&from=vj&pos=bottom&mvj=0&spon=0&sjdu=YAMd6UJyGWgvrHoJpyMluoDDplm6SwWjHcxyoDIphKmowQIw0l2zHOrVqZKdMa0QkN0wkll9wDHc3mnStM4Hmg&vjfrom=serp&astse=c675d0df69e86fe2&assa=411,,Entwicklungsingenieur Elektronik,,Festanstellung,Careerteam,
,url,directapply,salary,jobtitle,jobopeningdate,contractduration,company,city
0,https://indeed.de/pagead/clk?mo=r&ad=-6NYlbfkN0A-q09nVyPxQsQ43Jsr4ZTepXRPbSWCYZ4zc6dO3qwsQn1-y8hShZ8f3e9BnUdRL06sS5wKLdhkqevVnAO1eYTpq-15i-Lx-GSqBLWpqwDfLfUILvEvQ7gfN3DgAGP1MYJNICHpetXrrJvjed4f2x-1MUSVqf4kCN_BRGcR2IM8px4mt2PjklgXT8UJE3CWDi6NqAJOi6PhH9c37-EIjnXNQzg94foUo0R18Pq0fsbGLAQY-FbSymDuWjY7HLaPm4Swom8O035j5uEzApVp8Zn1Tt3c14CJt9bYCPRxAJLa5BDyHz1VK30suRFLX1VchUZo74rf5s4RUrcn_S_KcPjHLRPYfgV896BYEqGg3bBnlyMJ4TfS3iNpDMMl_1jbkcZ5YFObt3o7g6CTIyOgyJiL8M9P0nJhl3qjc7t4txLqogWWIWKrXRejJv16X9ZFwVV4uiHT6-F97mmsrJpIjIhKsfX5kmpYAoDPkK-a6yQJLWXYAZNNc2uzCKFr6hRQ6zSj1uzLzmUCPca7xL4AiGgt_B9xsXUZfFccBNkboNPe7oqmm-6_WVC5yrxRlCHlaO0oT_Y_gH1veQdUcc7rq-IXMfBj_jr_ZJxv6LxEFS02vZLBiNB1CWcWGqfvjxT6z0YrnyxwXjD6VRekiW5LhaGA5RLNTgsK9ksqoxfH0nmiLkXlefEutzffhLrsovay258v2AuGS3B9kkbhSQdHPhFdNzdd_kf6bwUGm3E6B7uK-eC1WrvA_ioa&xkcb=SoC0-_M3SEewFzWHLp0LbzkdCdPP&p=0&fvj=1&vjs=3,,,Entwicklungsingenieur *in elektrische Sicherheit,,Teilzeit,SMA Solar Technology AG,34117 Kassel
1,https://indeed.de/pagead/clk?mo=r&ad=-6NYlbfkN0DphRLuvqEa96k0QBmPrYSQ6mcvP-qMxYMHFncpwR5SS9XjR2M_6eK6vnfKDM2ez48GcS0LDfVwexJjfexNr4ETVezcDwvoHVXGA_Ougv1p_Ng7AAkQb-dyDki8cW0SHwp9DTXDt1VVmUGwNmc3NZMUacHyKJBZsOu8fFhMn5SMNEky6J1g9R0Sn0GMv_pX12u6ddBQjUJ46z_mQbS4WJ7q684QPwdo9qXR7aHmk11ETFlZfRo34AR1oAUqM0TjCiku4C7eqpI4Vayx-uaQP9NglZHtuhRqK4hD0_GVnzlHatVLm7YyP1rKfChv_VwZq6YCsndPuJvcQcTg3vL0awfTvSRJRLXRKhzLd8H5J6mmdHzu4c2iw1eB0IaKKdqLDFPNYeLZeVnXT8kwFjSq8eY76SGfMJqXcY9ikRtPseqaL_SI5CysgbCWhRgOiAapa1Ob3fccNQZQcRg2EujewETmqU6aAoJPrvkrm1VezllcjUG-sotANJodVAqUAQr7m5qwhzWPhtkqWw5Xvsv-eDD8uQWSeOx2psmHgUrjYIN0lWnUMLsUWLB4B7CC_SBDVRHq8aMe7On8oBpp7TfV8t1YtG1amCK0ZNBgJ3njTUXa4LMbJXw4HGmcB06rV3j_oZGvwUwc9HJmuYLmUHLH-6OkNDUIIt0Cz8pcVHLSYBprRUcSDx-LrxtGlCVc7ymi4InkHE9rdJ5BWcTtwIqr6rJEPR2IwIo09sK8pgLNfLDvCh8CVqZZAPkipiyVo_UYMw6G3i_l5sHG4LZlfPKPTFFCB-BY_Iy4jS5mAIwtfpk6O05BmdmMdFhPnVu1ltZXLWT0D4Q4py_mFw==&xkcb=SoDx-_M3SEewFz2HLp0LbzkdCdPP&p=1&fvj=1&vjs=3,https://de.indeed.com/applystart?jk=93d362cd5ada8aea&from=vj&pos=bottom&mvj=0&spon=1&adid=399135678&ad=-6NYlbfkN0DphRLuvqEa96k0QBmPrYSQ6mcvP-qMxYMHFncpwR5SS9XjR2M_6eK6vnfKDM2ez48GcS0LDfVwexJjfexNr4ETVezcDwvoHVXGA_Ougv1p_Ng7AAkQb-dyPifaH3yl6eVy-2pk8Gyal3uLNtVv1oRyiiEKD7jvINmZDPkurBS7oXmjqh1zM60Ohqnvt2hRdLmTADH8na9IOXi2Kh0JZhTlDbFkENikY2mw8DhHVDU72N9170NOlaAcD9rCEk2LVttI-L0mpaI37JrzUm9JA43KL38d4YQe76MvyNCpqSMlsWhT09CSic-EpdletF2uXNpcF4CKPUp9AUxtGauLzuosRI-S5egA7wpKJLGP3LbTwcQPj8yLjvFCnGFOPWSx_ZiewwEA9splFCLVIZEZo-O5MC2FwKbhwZzvzrf1Wj1WfQ%3D%3D&xkcb=SoDx-_M3SEewFz2HLp0LbzkdCdPP&sjdu=70ZcS7fTvvrzzEjhYMJBJZBCfA8eik64ITIo1B1CARuqm_12gkFWkeTNL3DbDqqCtqk8PpepOzstmSqOnEifbRoz_MU8noYVF71lRxndqfROm4ZIiI-WNT06R4hYfpWrKi8c9CwjeSqPbN2uHC618KGkZt216mRWHJRwR7A96vklzER-9Yl_P5ffaln4fETh2ZKSftyk-xh-VkkDWS9_TbJpZYRE0mgkM-9O055kiMo3KFurVByRBhteW5u5A7oG5aCt_FlYHiwWvsAGVSbwE-Pl_AveojJoFDwk84il2c0&vjfrom=web&astse=71f9da9019057e7c&assa=1940,,Entwicklungsingenieur / CAD Konstrukteur für mechanische Integration (m/w/d),17,Vollzeit,RHEINMETALL AG,Kassel
2,https://indeed.de/pagead/clk?mo=r&ad=-6NYlbfkN0DphRLuvqEa96k0QBmPrYSQ6mcvP-qMxYMHFncpwR5SS9XjR2M_6eK6vnfKDM2ez48GcS0LDfVwey0ev63z-4WeP5uk8q5G_zKlqlePii7VOQMVJnfq2GEkeHcXUvG0a8qmsMtQCYgQvuWqaR-NfLWnH0LwzI7iPkM5kYqZK695Bh2bK9pwVaHZJhLvqL8w2geMIoCq96cZ-GcYPuH9ksl1_MKDIoDHoOluqBqk2Ks9oQTXTtk-sQGM8ZSIZc8n-23yXK2yjAOkwriJGvQe3noK69gaHna3sjSwK9rUzNYcDyGZZi3GsxATFYRI96F_7qH0byjsQxQQsYe3z9-JvCcJSdavjyKvAjrSOLKNwUws6NtneaGJEgHqQevnrWmxzdJa8SXqeBQgOwrEdD4HYtSmPjU_Gxkm5Mi8WgBK-dkfPnhuIMPD0k784Iq2XMY0RsJ3YphiFY-XbOu2HTeguI9wC_7QDRnu96O_hp94wgfbNtnOeJXbRGX4EJ97rmVdRxpjoDeAqvVRM5ULfmypDBwkbdboctGUchehy5DLexeX6CTHVoTz7gLP0A3eennSlrS6Yyuc2coVlUPVHlHauKIDnwAZ52COmInmu0Y5k4nil8B-v_M4Ml9AMJsMRRFdZ8zadeHxuZNka9GNzOxJIl7NmsW1F79l8StPcsEFrK7ozvy6woLRo_fe51l7M85wOZK2QrU9wW72UmzjmEyQ5t4xAJa8ogXxoI9wYvuVU-X9QvFyC1ymQQQc&xkcb=SoBF-_M3SEewFz2HLp0KbzkdCdPP&p=2&fvj=1&vjs=3,https://de.indeed.com/applystart?jk=e47c4dc9a8a0e9ae&from=vj&pos=bottom&mvj=0&spon=1&adid=399135678&ad=-6NYlbfkN0DphRLuvqEa96k0QBmPrYSQ6mcvP-qMxYMHFncpwR5SS9XjR2M_6eK6vnfKDM2ez48GcS0LDfVwey0ev63z-4WeP5uk8q5G_zKlqlePii7VOQMVJnfq2GEkxd5pPWouDFlNZ93lkIVkSqP9mLtuWQjM_jhs-DDeB7rgpWw1UsYyFRnPe6YFLKDFwCjLHZcsJQdSt5b3oT_8hp3h918Wh0MyU_kCU1wuAYBcmEgXqJvooNQ-T0b29X4YniHsXDGqbFlxGFMVT_dAjBk5_49MteejT_qiX2NNbYoXK7mAPem_m6eMGOeLJm2zlaUdfh3uqwa7hFZ7jrgcrA1ZN_OPJgIcY8JDUL1bGdOMwflExg1TWktM7qA8dSMgPTr9NP_dirGzwhQkaPSYRZ4Iv_sO7skVWW24EiSbXky657aJpdcnBQ%3D%3D&xkcb=SoBF-_M3SEewFz2HLp0KbzkdCdPP&sjdu=70ZcS7fTvvrzzEjhYMJBJZBCfA8eik64ITIo1B1CARuqm_12gkFWkeTNL3DbDqqCtqk8PpepOzstmSqOnEifbRoz_MU8noYVF71lRxndqfTrPNE8udW4poY3CoyfEP3dKi8c9CwjeSqPbN2uHC618KGkZt216mRWHJRwR7A96vklzER-9Yl_P5ffaln4fETh2ZKSftyk-xh-VkkDWS9_TWwFCQliofc0ELDomOmA-Uo0Nm_SJd9fWSAsMFSKnXIb&vjfrom=web&astse=19012edfb32f6aef&assa=5409,,(Junior) Entwicklungsingenieur Elektronik (m/w/d),17,Vollzeit,RHEINMETALL AG,Kassel
3,https://indeed.de/pagead/clk?mo=r&ad=-6NYlbfkN0DphRLuvqEa96k0QBmPrYSQ6mcvP-qMxYMHFncpwR5SS9XjR2M_6eK6vnfKDM2ez48GcS0LDfVwe8NjwJmMbCWgvWkViJoNnAIUoqoGBzxX_3-8SBjXl0wP2R1C3LlB5fbcMmSH_3EJCEqSQo-1lZYqAwYI5EYfI4d8Wd0ni1_eOGKoCBktVZYrLudFBtXq_byiAdXZ5-kG7-Cy4Fs9otYdUKhBnGeqT62IDejbP7vLL1aqEqgbp-sfMZtfqjqeq-bpnrV_5e8O6U-mmHZlqrswk0QMYrBvmvOqdoygzdwTvmWsfSOzABDuWzw7wXGh9zfiVv8UmQL9GgMjs_N_bH2_qhmaraJv-1GQ0xZAEK7O4qXnQswxx51livTHQomwewun9vYxLV2JRAdFrpX2vqHwpXjKbF4DFZGJgoBHVF6WGZb9iPS3Y-JJvEjgQypyOAUGjzyxOXfjmabkeUgT5lGj7TRK4nYijFD1M6UNIeLZrSu4U700DweggF-rNAXKnL7U_l1yBKDNU1Neleg508aY9vRE_7OvFxI6ApNL3g9OTciQYWac4SbVCXbpF_J53YT_H32Yubt0pas4o2bhT4Q_7S6LibKRuDHcxXzrJJo0fQkdAW_eoT6ooaTNxk3IReQ_fOX89MBtzF4DhNzE2lUvfqa1geQTPvCTlc4wYKxkhF-CmOqG5iwYtGTqlMVWwDUzZoVCmHHk6HsdEdtcAZQS9Y4kzlHUyFhQmE-EqaQ-jwXtvbYp9r4ppSiUz2q7_m8=&xkcb=SoDY-_M3SEewFz2HLp0JbzkdCdPP&p=3&fvj=1&vjs=3,https://de.indeed.com/applystart?jk=43ab474d77c8eb5e&from=vj&pos=bottom&mvj=0&spon=1&adid=399135678&ad=-6NYlbfkN0DphRLuvqEa96k0QBmPrYSQ6mcvP-qMxYMHFncpwR5SS9XjR2M_6eK6vnfKDM2ez48GcS0LDfVwe8NjwJmMbCWgvWkViJoNnAIUoqoGBzxX_3-8SBjXl0wPEBw6lmBG12uipj4IiV8c-1PY8N9jkOeBCZoTKPIPWD39zSsAHKRAqCyx3k_rS-t8Y1L8gCDyaM-aSSKd3pNTEz_rGTIyO8CaUeVQiPsOIvqmHwwmLIgg3xTPvFtnnI_E25LHq0q-nVIXAcUbdlRCZ9Fisi1jfs7XAdtDw8fpdjvb7bIXB0tGhfUjgPOZEenYxVSwcqjZedFNLFUCzV-Z6ScDrwDupGMHls1yBMr95jDhROJFhzaYzpB9rYJdYgwS_Re1IC-G03zoC-xY2QBvMGKEcgcR8DN8kGUOKGVEgSVAniQqcdytEQ%3D%3D&xkcb=SoDY-_M3SEewFz2HLp0JbzkdCdPP&sjdu=70ZcS7fTvvrzzEjhYMJBJZBCfA8eik64ITIo1B1CARuqm_12gkFWkeTNL3DbDqqCtqk8PpepOzstmSqOnEifbRoz_MU8noYVF71lRxndqfS4zIoOjIrOiAxghXK9pdEIKi8c9CwjeSqPbN2uHC618KGkZt216mRWHJRwR7A96vklzER-9Yl_P5ffaln4fETh2ZKSftyk-xh-VkkDWS9_TXnUwApYgTw-50OurVmWAlGH7bYki9GalFkeyGbMGuIR&vjfrom=web&astse=00321855d833b858&assa=8886,,Entwicklungsingenieur Verifikation (m/w/d),17,Vollzeit,RHEINMETALL AG,Kassel
4,https://indeed.de/pagead/clk?mo=r&ad=-6NYlbfkN0DphRLuvqEa96k0QBmPrYSQ6mcvP-qMxYMHFncpwR5SS9XjR2M_6eK6vnfKDM2ez48GcS0LDfVwe01ykh5PhL0yIQR0BUwZriVyO9P5R4_VWWHa-f12Ehkh52x7VVfisiWyEYfOPxm3RgLR8kqxYAakdhqLFq7HCFWfArFowhiwPx6dWN59SeneXBheb1hGUGq5ZoqxuTzMOpINrYdapp0b2JO-euWogijnAIXhMFnhHJAULIG4jzUtgHvzs-erkw2l_FMx2t3wDzPGeHmOdZyRxHEfj6Xj9ZFMCJ0rW_VbMd_bgZ6ZWT_ZK7-h8T66L7MUSrx8IPTlki6Prfg5VoX3LYeGqE-w4TKmSsaHrmsfBgdKY8sFcNB8lDBxt5bejOHMSNCeBVzaGnAjjDrFgeS6JygKrc0_9nS0CVTvqy79xBJ2UKhM4zPt8ZJLg0LhFLtgws-JKduFUcr3dwz4O0TpfoW34tj19BVQ_PE_ev0Aspti8tELQNSra8H5zLQwvinAm6gNxej1sbe7StofU5rmlAK30crGFOrhKaWGVQAq8yohw7T0sYI4vs_F-p-Qgjh2dmnTrTopi88hefFg1LNQqSxkCo1-reDFtNoM3-u95hic_ac8RafZ0thVvjx_reWAcTD0---4d6NGmKZCuT2ZCqMWTQTP3zbpPuCwTOEjT1dJbrJIaX5GU1yPoHjDwJGUAPTERFJspAWPBKKgsWFwqIQz2qJjDd_dypdzBjM4nDQh-5NrSZv9ZhtCXvkZ-Vg=&xkcb=SoBs-_M3SEewFz2HLp0IbzkdCdPP&p=4&fvj=1&vjs=3,https://de.indeed.com/applystart?jk=c1ebc6ecc2b274d3&from=vj&pos=bottom&mvj=0&spon=1&adid=399135678&ad=-6NYlbfkN0DphRLuvqEa96k0QBmPrYSQ6mcvP-qMxYMHFncpwR5SS9XjR2M_6eK6vnfKDM2ez48GcS0LDfVwe01ykh5PhL0yIQR0BUwZriVyO9P5R4_VWWHa-f12Ehkhvq2LAAXDMpCnCfwVyovULIzLqB_igl0N_E4vTFEYkDaqooHSwitD066isqdrYdMHRPmTRtiUGZvWa67L7NeWsCNXJfkJehDq8h7j5Ys0oVXUap0LJ7CrT7ID1yvWuM5MA7dQxHAmX-00YbcrwVO7FMha1kOdct22Wceikjityvoy4OMvGW9M1692XKAVv2AVA5XGMRdVNSMuZo4w9M627YsBzuDhXqvpUDbbb1G6kSZS-CS-jwHyNaQupWmlchzHXTC3WmyGDiSom8xdxHSb9_vqZoK61XribxNUljT-d3KciZL5WZUsjA%3D%3D&xkcb=SoBs-_M3SEewFz2HLp0IbzkdCdPP&sjdu=70ZcS7fTvvrzzEjhYMJBJZBCfA8eik64ITIo1B1CARuqm_12gkFWkeTNL3DbDqqCtqk8PpepOzstmSqOnEifbRoz_MU8noYVF71lRxndqfR4tc33m7ljPkWdwE8KtpXvKi8c9CwjeSqPbN2uHC618KGkZt216mRWHJRwR7A96vklzER-9Yl_P5ffaln4fETh2ZKSftyk-xh-VkkDWS9_TQyR9yIZabLlWYBMFbrms_dGBM_puZ1w1ujq8p03NlU_&vjfrom=web&astse=278c1474f6144613&assa=2596,,Entwicklungsingenieur Hydrauliksysteme (m/w/d),17,Vollzeit,RHEINMETALL AG,Kassel
5,https://indeed.de/pagead/clk?mo=r&ad=-6NYlbfkN0CpBbioUG-pno_oPtZ0n26bDubwaG7X61GxR28E-uhfKYuJ8yRoZkWbdAV6FstpKP1v-cYoCfvy6z7zRKl2Q59eSQtoADKO7xbP68qsmH5RiKjHOGzO9L2_dfte23Mbl4aDwyKkMo5oJDhaGy8Xh4Q00-SlJWsXGfkQuKl5TdQ7DY5KRcT5stxTxvAX-PYCBv5nFiIFBX-sxMSwToYa5_RWUuB-99UVdQOxcSRXBN9HV0wPcBmzwxk2v1cxj5wNn4q2c3kdavF4Q7vvZZruwCtSauyOzFk1zRKRnzDFP9SK-oqHmTW2rBTKG04tn7u6be8ZlY6ad5TfzOsqu44QjxY1xLcp0sa2YpqA2ZYc7SCMa0B8lF_G4VFHhwrJsX48Pi81aMi_vb1g4eTWVivHv2bUl1YHMSaBsvsMcVBVm9PtRZZbjkwU-w3lkt_zGNJE70nZdTtXF2ajFVWKtE16NOmDO0UGrh-rqXnyLt0uueGVJR3Ldffw_TwOX6jBeGTb1Dqy5PdKZT8aNb5lexuCl9jWlPe-X62qVzNZ1BndvwCIF4YDI4J5CZ_KIVA6lV_ORLfBxtKVoTHJhTIOuPbo6280JilRx0d9O8RQp8AypCchnKDwPr7W7RDLnEFqB0hzHjqCFOgaMdllVhg8YwME4lX5cOEnaAPPdNhCROGv7g2UvrYFc14Hzoo5MtK5Xn_TiwJ1Z93lrpDxzEk6d75qcMCglBXtEy8NSdar8uFwaybmxSMby8ItJHiYCaJgTKLojw-qqLYIF5Wr3D0ckDB4kP76NvyVJ6gX0iiX6jYQJPYyA7uJIN37gaZjbAoFV9gJw_kEyyq5fgVqZA==&xkcb=SoB_-_M3SEewFyWHLp0LbzkdCdPP&p=5&fvj=0&vjs=3,https://de.indeed.com/applystart?jk=7650e6c3db201ebb&from=vj&pos=bottom&mvj=0&spon=1&adid=281944566&ad=-6NYlbfkN0CpBbioUG-pno_oPtZ0n26bDubwaG7X61GxR28E-uhfKYuJ8yRoZkWbdAV6FstpKP1v-cYoCfvy6z7zRKl2Q59eSQtoADKO7xbP68qsmH5RiJBv0KEWh86mcKRq3zuuYiwRyUgj06hZppFn5OqyY9MTCJQokwBE5BiBcRHNdmOaQAoV87jm1D10eVa55e23Lf2oq1mcupWV2d0q8_BlFDCGFyGoShBQGTB8xzuST5DVnyDzzHoSJHYQe0k631NDZbkxQTq-3EwPxKSkhKAWZx3AR3bEEcPUZXynG9FcF6kGuSDrcGV28xKxAVB5SbRZr_DrMMkQaAy-e9PKUzD54hu01hvw92c5CQCnPpTB4wlRJWWOreNs6MFJXW63Pu3wMVoS45GEZLtIzoMoamgYHKVXP-xBVAIBkrw%3D&sjdu=gIk7IymWaHs0dDkfvWak9jMPwfuyvHijUm4RDzS7kl0i1pQdZqYGzawO4yfVZqZEOhdTJqv2IOAvmN186Y98KKtPbTeMby1qvsNKo3WsYg8Qby9oZGfubavsdfBO48Hc8_gVb311Gp_CsPXQUlWAVbosBsUJXuL_Ivc9xwEHk4ImoNC5hgYCSSAgsSi5Kr3hplk4fbGLg8BTMSz5ntxTfk-L2gfEOXfrcZb5GEdyno5gWqBWlpHQ3u0a70JkYrAEG34-012PAmVcOtYLmhYgezebQyRccgiqaOQ8aMdyORc&vjfrom=serp&astse=b05699ec9a58b732&assa=5976,,Entwicklungsingenieur Elektrotechnik (w/m/d),22,,Brunel,Kassel
6,https://indeed.de/pagead/clk?mo=r&ad=-6NYlbfkN0CpBbioUG-pno_oPtZ0n26bDubwaG7X61GxR28E-uhfKaj-5tZq9Dh-ysHcFoHmzX6Iri8VMkfeOXPPax4prXMkc4dWEoivMP0yOEWRdvLApVjleMQDe8PiWy_Pf5B6RhdDkKU75YrRYq6z0-70Jea3v-egatybBPegzKth0TAyCl629Suv1pQJjFw4PbbXfjvdta8ujw4DN1UqImrQsYznKBQ2Bk5oq-pp6RfpAHoTP9iIK_a6ZTFOH_n1ts8z0ugJb2gAJn0i1GdqWxSjVkvfFF1wxc22wRt7EQuXpq4h34jL2MQmdlkk8geUy3WN3p1fnqh_CxuemD9M1yoqgsCl3WeVE1gnFPuWPlN_Vfe9IBOu8o-1I69vr9IOKpTxdN60BtvWD9Bb1v87Dly2mKmm7THC3QiGHyqVoPS00tnXYPyV20x4YpzemW0RKhFXZ1QfqEo0nRBNzIS1OCelsBNKyjFifljcv5lUmw6Rjxf2xPWPZ2vPUmUuY7i-edyqQ4AXhHu2dc_UT9LSTBPAiKRS-xZ91bZNYkadqakd9Mb1S_VaiPJ2CgBhK5WsKt22s8o7sT3m6xgNIUJOtX3x6v8ixBiUA9uPGsVnDUAU7Uf4NEmq8-573DW7IIgJiJ4shGkUe2MXwrAbxC2hmHc8bagUV40WPxu3_Jq4WBfTHGcSOwyz8amyv0HopEjdaGFbn2I9819tnJ8Jx2b9Yjxk3GGAF-UsuD1bT9Z4iYNNdOYdlWBRsDv9QK3nruY-Wg7pI3yhS778hUeWLQ5jyuG7pbM2lcwGJS_lYrPbwOZlkrfsiCl3hTQ5Ws4KC2p8CJWYlL6WSE5kj66kKymGMejilmu0VCUlm4Pk4iY6Y-bz3GU-cGjj7_LdfJd2YDxepd885Tnf6jeKTyh92BD5ZsMB0lUWiEIooMm8-H8BYeIqmIrfLS5Dm2g7UeeEyRwwHbUmKd12PpZrWwNnQ6ry2JQxf8lJ8rjXBCRwfNrn6cKV_tCS4Y9R8Nt0xlSc&xkcb=SoDL-_M3SEewFyWHLp0KbzkdCdPP&p=6&fvj=0&vjs=3,https://de.indeed.com/applystart?jk=ede6bb1189bd12d5&from=vj&pos=bottom&mvj=0&spon=1&adid=328885310&ad=-6NYlbfkN0CpBbioUG-pno_oPtZ0n26bDubwaG7X61GxR28E-uhfKaj-5tZq9Dh-ysHcFoHmzX6Iri8VMkfeOXPPax4prXMkc4dWEoivMP0yOEWRdvLApSD8ZwG4mQTehbumKOS2thuEhNGpJzrWpV1Rh0cO-DHla_gUT10OmIdXLHlKCXNnVg_CwSpp4xLpkXiy84OjfkoTttLL_2vBD5E7P0NvyfpozlYwU2iGCAR7XlsEwIidyLZRuhJdA4xVraUpmhjzwENurF8qVBSsViuLDXliszj1RQVyNSPsSsPz2oeBe6fZZkit_UjHISN8RHcSZrPUw3abImnFPe0LBRDtXwMfvB7RKsGJvUNLwlPQ0X2MQcTKGC_2WO5kMl30G2_pKZOCydCCpMPXOfo1eQ-_xRC_bORKjjq2JEF23D55f_TZ9mh97A%3D%3D&sjdu=gIk7IymWaHs0dDkfvWak9jMPwfuyvHijUm4RDzS7kl0i1pQdZqYGzawO4yfVZqZEDgICruQYQjBGqq2tY3o5umc9L64u_suCgQHZxZKTL1HowaS-xKp39xZEnvTTB-PSGCG9gsIxzyy3inlubOT08oDrhxwh8mGAAvf9vyMBcJCfv2loHhxrC4T1A2W2naJ4MSTk4COSr9i6hLcNzK6daJSpXF2oHj_HaLUpFHzkLojNVz4TvpbzjBJg1Tc4ALXLyweroWj6mFtkURUQNADJYBu2BbyEUm64zhNDFjs-sApDo30bkkB_YnaLL4zJad5tmV7GaqtgF3wsvLNTZ266-W3JZoz_0Jon1miQ4MniXxo&vjfrom=serp&astse=8208c5ee3afb94f0&assa=9559,,Entwicklungsingenieur - Antriebssysteme (w/m/d),28,Festanstellung,Brunel,Kassel
7,https://indeed.de/pagead/clk?mo=r&ad=-6NYlbfkN0BmgHj8b9RlIjsw0JlqLxeEtGuOxd2fbhScYXMt4rfS4GPqGz7A0Dh2_HVHN4z4C7iPeMJh-vQ67nqz2l6KdVTMp6cRrYnPNJ1fhWJQ4zVySV5knQ10Rdmjs9IfIPRL8vZ6U8_X7JagJEXlkI2i-7ThRnwyVP0TdYFKcNncE1VpaF-o3Ik-cK7__437s5gOG7Y-B6RljrkyY4guc3pWt1QwQZFqzSwXDLDBMDm-8I4B4CIa3gvI9QMY1uM1bqQUL11d4Qkp3MkVY2yZOgVb8NCbOr1AJS1rgHit8D2SrOLapDFG8WdtFWa0KCzXf2dkq5E0Narc58VlkYjx_xZMSSiRpeP0gW71RWc9CxA9XLZ3RggLSXHzh_c0VvAR1EOjOpISj0mZoX4i95w-n5G_QUb2rGpnwmvZ-ylfT7yDPSfexmTkpwADmYFU5yzGE1x9CUMYeKgIDs7y8hv-GiQ_IIj3DCNFO1eXS2U5oaV9WA7ou35nqpKrIvdWNvzCEhUtaBYtb_DZ6usMccBSPXs6yBegBGFru5YGU62A28WvMLjyMCBhHgxaS8btUrs65QC2Y8xRboUwexmxTLZrx596mcxZ2QA8GBHb-_kkc6-hLiuoS-uVjgpM2Qmgm8CsCmimFGpvbjOqZdB0Ml6fSBDLfeYryx_4uKIsCv_U24YPHU5N4Pn0JHLAWk96&xkcb=SoBW-_M3SEewFyWHLp0JbzkdCdPP&p=7&fvj=0&vjs=3,https://de.indeed.com/applystart?jk=827d7bf5416195dd&from=vj&pos=bottom&mvj=0&spon=1&adid=403894413&ad=-6NYlbfkN0BmgHj8b9RlIjsw0JlqLxeEtGuOxd2fbhScYXMt4rfS4GPqGz7A0Dh2_HVHN4z4C7iPeMJh-vQ67nqz2l6KdVTMp6cRrYnPNJ1fhWJQ4zVySX6skGOsZdBM0hRRE4AAb2cRB1Qinh-xgcOzSBpqiVLZkR54aV9cdmSxHAWCwybmDdZB8ZITJpvxZMBP0-Zd7Qx7v8PbB9OWx82n1TR1gTBFALtFw-Qn5gZpp4RWpQmNw3ujYkV8BIemUXtilfk-r_B7ZEuttnKIQqEo9unxKZc22yyoD1YJz4Zq8xWHfFKx_4Fo_j_CziPm1zfUZ0Ha-UMLBPC_Mm4zlICcy_OJWv08goCZONj1YMvBJxeX0dAnBb2ID6VQfpYs026QTG16Wy6lLgWwS5EcPLvFohJx5eMf&sjdu=Tiy5YVzklOqAHjtChFDdXFMHRwYxuA5V-0rMIz9OdaSuJ9F8K6CJMma60vtSFz8VT6zbI1Pl-NCywCwG2vYuhyGQtO8oD4RfdWV-O1W7ZP74wdUNG47IY4fdpQNXF97ow45JQX-_gzH0QrEDvswfTw&vjfrom=serp&astse=2703f8d6f5bdf4f2&assa=3252,,Entwicklungsingenieur (m/w/d) Maschinenbau,,Festanstellung,FERCHAU,34117 Kassel
8,https://indeed.de/pagead/clk?mo=r&ad=-6NYlbfkN0BmgHj8b9RlIjsw0JlqLxeEtGuOxd2fbhScYXMt4rfS4GPqGz7A0Dh2_HVHN4z4C7gnWNT8RQWQAkcEnInHF2swQmaUzErJFsj7HGWQ5MAi2cUIRFvvoiDZpiyQ05lQvC7cG3xIqMsPBjT-KjIqT_r83tJ5CqnNJFIew9VhOhZCcSOf1kDSv3-mGO_r2tpRsKubMG0p-0kv5QOivNaGRo13AAA-o43LLzF9iRipbtc61bKrYBa37_EhoDe4EDAIx135odUYGLKys3JFOAVaU6_iP3UDkPrSHZ8e2pcNWP1RifeS3R1TGnffSU_Ums46KxK1mG1HCSarq5_PPJ_Tmp_9FvEbDnfyoRYaPcftOxp8ckGgw1C8GFDoacJSpwn106DYHa5mczrXU_k1M6twY0cnzYf4lbb-ppoZu3KyZx36cEX_S07UEHYnrtel6J2uTaF75hev6BF0eAlWDmnp1DsSfbRBusfG-MqBEXUmm6AFqpiSgyjZdpeSHOxXTWjT9qs4Eai2GeqYFNa8wvBd-qHESg7qshMgwjnVg9V2nvuyK9F7hM285qa-y0q-t6bkMOPFWWtl-H0jHj8opjcJKMTqL_dOWMa-iBKF-BVD7z7S3OG4dC6w8ASPlL3JkZkoIXybaVIRAd_8s5H5oPnQFRQEfH3iEz4UxkH9muIkiAPiftdvFaxjVtDF&xkcb=SoDi-_M3SEewFyWHLp0IbzkdCdPP&p=8&fvj=0&vjs=3,https://de.indeed.com/applystart?jk=2df9e007fbd6c66f&from=vj&pos=bottom&mvj=0&spon=1&adid=403894413&ad=-6NYlbfkN0BmgHj8b9RlIjsw0JlqLxeEtGuOxd2fbhScYXMt4rfS4GPqGz7A0Dh2_HVHN4z4C7gnWNT8RQWQAkcEnInHF2swQmaUzErJFsj7HGWQ5MAi2QWzYLr8lFUK_Jf-dKnv58005IIjORHFGSfaaQkwMIk4ER4ofA7fURuKykWP6cEFNhHMYOtw7Udgk5vjhVSgLGmuot_bwT3aaN5UbR7lEeSOBIOQtkscz_jfJMxEqSTvX1olq1W0G7IOywrbWPP1ruN32wtVMM8cVlGL7kqihx4eJ-RHW5H-kweNGQJHZ-B3uDpGJsPtH8Z8uVY75b0_q7OjfFqA7QepXsddI-1ZZCFv2UkQyOSAlyuU7CDMjlFDhm8TXd6LCcbKbye_JaF5-sXgkg7vUwmrrzh11mtfbjwV&sjdu=Tiy5YVzklOqAHjtChFDdXFMHRwYxuA5V-0rMIz9OdaQXDr_GnmGngBj2C3RYEMxs8XGTiKDuOgmSL1f6vtyTZSGQtO8oD4RfdWV-O1W7ZP74wdUNG47IY4fdpQNXF97ow45JQX-_gzH0QrEDvswfTw&vjfrom=serp&astse=7fa3064fa45eafae&assa=6729,,Entwicklungsingenieur Kunststofftechnik (m/w/d),,Festanstellung,FERCHAU,34117 Kassel
9,https://indeed.de/pagead/clk?mo=r&ad=-6NYlbfkN0BmgHj8b9RlIjsw0JlqLxeEtGuOxd2fbhScYXMt4rfS4GPqGz7A0Dh2_HVHN4z4C7iPeMJh-vQ67nXihl1-YD8EtsgzaKZ47X7ZEnR77fys_hGfy9aqxvcigXBJI23-jOWzRxC21DisOPWhzoPZgfk6c80idxVdfj9YKeoPbNBJfiHyzpDIRpgn1I_AeTy5s5AZmresuGMjhvHZ9l0NL6qzcdBy4HjBU3jFuZLplCUhI2HKHq3DUsPBXmO09UFBZk5djddgV_ke2FmJ1AWvR1H7c9BtDswp6njGo0cisi5ms42vYWejAWbJWSZRY4P9bwyNyDhnUNXNLNhcbRXY3gF14qeVv3Ky8Tgt8vfIb6HFq9_c0tmDQetbkayyWphyogdIc8HA_Jk8LimL7GYNJZ5uGx2qsNDfNtiSCIB7XGyOSx0GzQkWBt6vFUC22wKow-p0rbE5ZGCsQar-eu58ldbFmcAeYKUbRDiEAZZ1JatYW1HbQbsIhWfcxR1YjKO-SceD8M1Ne6FWWmzdizYJ1EImTQq0QCsjAUKoW5nUvcz76QQS4twCswvA0i7zaNthZMB3JEELOXnUYIqru7AKNC8wMSp8ro2b14GLdpIjQZbWTK6G_Tav4iSJAtJg9BnA4IOUF-kURCwRqdFZ2UuMmZ2kJHDUHdLEDowwjd8vhsryHq47RVYsdHCo&xkcb=SoA6-_M3SEewFy2HLp0LbzkdCdPP&p=9&fvj=0&vjs=3,https://de.indeed.com/applystart?jk=68561c8621d0acf5&from=vj&pos=bottom&mvj=0&spon=1&adid=403894413&ad=-6NYlbfkN0BmgHj8b9RlIjsw0JlqLxeEtGuOxd2fbhScYXMt4rfS4GPqGz7A0Dh2_HVHN4z4C7iPeMJh-vQ67nXihl1-YD8EtsgzaKZ47X7ZEnR77fys_qAS3k64h1sY9JfEkuEQEiq1_3ZklVu3vr6S3ugUiYN0WGGxYoa2w98cV8mGjT_ELNtKlu5s2hmwAromQmuGhQ8N4FU0iiU_CPXwOnlQL7bn5M6nmVCjKRGvyR9RCQ8HoRgWY8uVK2HclSSgaK0b6yukzchlDFaa8zSxvN0qWH2lFK3DRuTSiFUgeTXhlzP1Wh3i6iJWUMBUHFdaYuVPsIasG6UfRdn2Hetb9lOUq_tXBXbVTbdhHgu7TatKgTc-5fiQ4jNw9L9IKQkCs1U_cD_VDIJ940Tc1E2XSz3eB4XQ&sjdu=Tiy5YVzklOqAHjtChFDdXFMHRwYxuA5V-0rMIz9OdaSuJ9F8K6CJMma60vtSFz8VA6rFCNmhO_xFSgDYM5xowCGQtO8oD4RfdWV-O1W7ZP74wdUNG47IY4fdpQNXF97ow45JQX-_gzH0QrEDvswfTw&vjfrom=serp&astse=234212e896ec3c56&assa=42,,Entwicklungsingenieur (m/w/d) Erneuerbare Energien,,,FERCHAU,34117 Kassel
10,https://indeed.de/pagead/clk?mo=r&ad=-6NYlbfkN0BmgHj8b9RlIjsw0JlqLxeEtGuOxd2fbhScYXMt4rfS4GPqGz7A0Dh2_HVHN4z4C7iiTWmMrrFcMTWByt_EucKJ-HZMN_qseI0eZJvQde2oWs3IBS-eLpB7v6weJreluSBr-TI70FSjqR4jM4DcCBxSpzy6y8VEHJY5PwP7R4qPbXATJAegZo9kTFsHvZYmuVIyaPNPLoq176qoaXKWeOYd6kj2IKtPaCRWuHTon5AY-aHLg5IcQ-mxe3wvCh7kNSdjBsMtZT9-y6WgW5-SzyLmJN0JS2WWKHN-nTXxnlAQaSirPjQN7uBaCUJDHsxLGLnQnoFlssx9a893nol0rklMTGQ3la8kAeEGYX7SAXTkk5DGEJzid5jtXGUjg64fgyIYiCKO1yJmlYQMhPlKwfbuop1MZg5kf686F3q1e1sQ7IsAmDzS8WyWgUrjH7c2mkIdFAjLPdK-rVWQ5wRZTeulXdfEuFAF5tfKUxrHd9abIPkcvexFo_5Ht1ZBlOb6k6MBsMYfldSq3Y-h2yh1CgShXWBokx9lpX8HjTJBAWeuBmkjRnzp7ZSV3bQ-cYoA_IYmwOWStiYGram_HiTvQzGzbygTxjntm4zwEYJCZjmsLGTLbcW91_7anzBjndQBBCFGKWd8eeGATcJky-sq04MLpm93x17EyvmDQMpRtWk3TnCSwCwL5zYE&xkcb=SoCO-_M3SEewFy2HLp0KbzkdCdPP&p=10&fvj=0&vjs=3,https://de.indeed.com/applystart?jk=ae91da8bdbff288d&from=vj&pos=bottom&mvj=0&spon=1&adid=403894413&ad=-6NYlbfkN0BmgHj8b9RlIjsw0JlqLxeEtGuOxd2fbhScYXMt4rfS4GPqGz7A0Dh2_HVHN4z4C7iiTWmMrrFcMTWByt_EucKJ-HZMN_qseI0eZJvQde2oWiis1y6L6HM2Lti3ar-58NI2fQAxNRiGSd9Iva7NjhCxuJp6vbEmK_gpP7BtCOMcCcqsjm1fHOQZN9RidqvJMgMIf5x9a9H-eqprB6vtPyrjG-1R6rEWDU4wuGmBiagwGMnRr3o3LNrC4VAX0fRDQrPhG6B2QM4mP4AgLIj2Aobf9cclb76PVQQ4qMliXlS8CPaASrTtb23ZS-l4d1CKDbRgtI400tyZ0UEhRSSmmD_5cxKrLHEt4xXO5Cqqyzo8hnuirozFX4QIVv9jkuyp9gzQKhx4odA0kGBQ0CQzw4Wk&sjdu=Tiy5YVzklOqAHjtChFDdXFMHRwYxuA5V-0rMIz9OdaSkqPRXOuW-FCLoBsOjqGxrr_2tNaFyoYwORkxAEfFZQyGQtO8oD4RfdWV-O1W7ZP74wdUNG47IY4fdpQNXF97ow45JQX-_gzH0QrEDvswfTw&vjfrom=serp&astse=406fcbe60b672c67&assa=3625,,Entwicklungsingenieur (m/w/d) Optische Messtechnik,,Festanstellung,FERCHAU,34117 Kassel
11,https://indeed.de/pagead/clk?mo=r&ad=-6NYlbfkN0BmgHj8b9RlIjsw0JlqLxeEtGuOxd2fbhScYXMt4rfS4GPqGz7A0Dh2_HVHN4z4C7iV3aTpYFmjXMsRlcPYbQv_hb27y6AUSB6BCGtbUrlhf7PT9DqQRCBqepsTrqllRZIXRA7pIO5Le7vGrtZTCv0uTQBdAh8QDzL-WfUMPQvS5DRYlG9ZsxS44TvHWJ0vq38bZPPNH123XG6PL4lNxa_fRJvpsCYyBmnvy1-nwXswspDtw1bczFe7KgcoKYKjtOgbuxUBNZfDuQ6fNiLHyDh7FrFudFD87vXO-E8OXOl7D6FNhzla1lSK6WalZfat239sdmt4P4XBhvYkxFTEkFSwzjZmuZlDSM9q2QTqglg-gT1qOiPULD8GjmOFrdB7WVkps6rl4UJ6hSSCs-0Lhm2gaPzIgGNZZRpITIJm8qp6pjEtbRlfoJqcSYV1RSCxjJMPJwFGRyw85xA_W_NVyYFy_FDenyf0Zi5ziy2RCNw0Zx8JNQ3ro9HZldLrljH3zhHeP4zP8kwFMF07qIloMcRJo9j7ZNkPt624zoF0vfKqPZwXc0ahqc-bObN90uFdAz6RQl3UTHC4UxRfQTPF6ykkAjOHSTRDZeqxZhdlVuCv-f1rGwb_p-eZ3KWU0tXItanSIoARyECKAGZteURZAQjUH2s8gV9DVSr1Sj3ekLrb3O-yjZuMkWBV&xkcb=SoAT-_M3SEewF9WHLp0LbzkdCdPP&p=11&fvj=0&vjs=3,https://de.indeed.com/applystart?jk=6e89e80e672a782b&from=vj&pos=bottom&mvj=0&spon=1&adid=403894413&ad=-6NYlbfkN0BmgHj8b9RlIjsw0JlqLxeEtGuOxd2fbhScYXMt4rfS4GPqGz7A0Dh2_HVHN4z4C7iV3aTpYFmjXMsRlcPYbQv_hb27y6AUSB6BCGtbUrlhf34WXsGOG0VDaCL2rwbDGM9LTgNbnmQ97rDEHYzc89wfPDXM7P4VqHNOL_6sovogwGbUyveZXHpqYHauTJH0Egn1jdXMpSi5fwArm_HChvU9oCHfqzoeFQUzBKppTSe3H_JjV0JIBCGvNv1CP1OrAz98Vr3vuIWIB_T7jgRCHWW0RniWmh82oECu54cRhQvTv3-L2jSHY6naCpJYH8orjtEZ3HTLxOOVG0xwOdhm0lBoVrcj7tooZYztsjIMSTwCpP8xnN0G27CM16jkRJEx3wmBcM5R8q-Jv_GWERGXFmd0&sjdu=Tiy5YVzklOqAHjtChFDdXFMHRwYxuA5V-0rMIz9OdaRHdfWPGAuhH4IwmyjKo5D8AKGmlbs0eMXA9GX1cKBI4yGQtO8oD4RfdWV-O1W7ZP74wdUNG47IY4fdpQNXF97ow45JQX-_gzH0QrEDvswfTw&vjfrom=serp&astse=4488c15f58a871e7&assa=6967,,Entwicklungsingenieur (m/w/d) Mechatronik/Elektronik,,Festanstellung,FERCHAU,34117 Kassel
12,https://indeed.de/rc/clk?jk=90b4021ce6b77fda&fccid=3beff353b5a119d8&vjs=3,,,Entwicklungsingenieur (w/m/d),5,Vollzeit,forty-five Personalberatung Wiesbaden GmbH & Co. KG,
13,https://indeed.de/rc/clk?jk=1c744a1be13de8a1&fccid=0dc82103bd25b763&vjs=3,https://de.indeed.com/applystart?jk=1c744a1be13de8a1&from=vj&pos=bottom&mvj=0&spon=0&sjdu=YAMd6UJyGWgvrHoJpyMluoDDplm6SwWjHcxyoDIphKkM7oCIF5ZSwNP3_Vna7nYDkN0wkll9wDHc3mnStM4Hmg&vjfrom=serp&astse=666d42964e007ef7&assa=3681,,Entwicklungsingenieur in Mechanik,,Festanstellung,SMA Solar Technology AG,Kassel
14,https://indeed.de/company/Oswald-Iden-Engineering-GmbH-&-Co.-KG/jobs/Entwicklungsingenieur-Hydrauliksystem-6b6861a6b1661311?fccid=02b1340d781fd734&vjs=3,,,Entwicklungsingenieur (m/w/d) Hydrauliksystem,9,Festanstellung,Oswald Iden Engineering GmbH & Co. KG,
,url,directapply,salary,jobtitle,jobopeningdate,contractduration,company,city
0,https://indeed.de/rc/clk?jk=07ecd3576a8dd5dd&fccid=3fb298ab9da17c70&vjs=3,https://de.indeed.com/applystart?jk=07ecd3576a8dd5dd&from=vj&pos=bottom&mvj=0&spon=0&sjdu=YAMd6UJyGWgvrHoJpyMluoDDplm6SwWjHcxyoDIphKky9d7CgxEJjuKBNrx1rYQVkN0wkll9wDHc3mnStM4Hmg&vjfrom=serp&astse=c2ce789a39769690&assa=4829,,Entwicklungsingenieur (m/w/d) Umfeld Diagnose im Maschinenbau,,Vollzeit,Bertrandt,Gütersloh
1,https://indeed.de/rc/clk?jk=615b65aba9bc3dd5&fccid=8b00d0c3dbf9e9e7&vjs=3,https://de.indeed.com/applystart?jk=615b65aba9bc3dd5&from=vj&pos=bottom&mvj=0&spon=0&sjdu=YAMd6UJyGWgvrHoJpyMluoDDplm6SwWjHcxyoDIphKnlzSLrqTTintR6Cf_t6WadkN0wkll9wDHc3mnStM4Hmg&vjfrom=serp&astse=6b8ce965b5f1b87d&assa=8115,,Konstrukteur / Entwicklungsingenieur m/w/d,18,Vollzeit,Miele,Gütersloh
2,https://indeed.de/rc/clk?jk=0cad7ea8a486b0b2&fccid=8b00d0c3dbf9e9e7&vjs=3,https://de.indeed.com/applystart?jk=0cad7ea8a486b0b2&from=vj&pos=bottom&mvj=0&spon=0&sjdu=YAMd6UJyGWgvrHoJpyMluoDDplm6SwWjHcxyoDIphKkZ1YQw83HqAoOP6YS0oPnYkN0wkll9wDHc3mnStM4Hmg&vjfrom=serp&astse=87e8e094d006f437&assa=1536,,Entwicklungsingenieur Mechanik/Hydraulik Semi-Professional m/w/d,,Vollzeit,Miele,Gütersloh
3,https://indeed.de/rc/clk?jk=b2919faf433cee6e&fccid=8b00d0c3dbf9e9e7&vjs=3,https://de.indeed.com/applystart?jk=b2919faf433cee6e&from=vj&pos=bottom&mvj=0&spon=0&sjdu=YAMd6UJyGWgvrHoJpyMluoDDplm6SwWjHcxyoDIphKlwauE190EHMYFmiLVbg61tkN0wkll9wDHc3mnStM4Hmg&vjfrom=serp&astse=2c1b8606104a4e76&assa=4904,,Entwicklungsingenieur m|w|d Elektrotechnik Business Unit Laundry,,Vollzeit,Miele,Gütersloh
4,https://indeed.de/rc/clk?jk=d5bf1fb182840215&fccid=8b00d0c3dbf9e9e7&vjs=3,https://de.indeed.com/applystart?jk=d5bf1fb182840215&from=vj&pos=bottom&mvj=0&spon=0&sjdu=YAMd6UJyGWgvrHoJpyMluoDDplm6SwWjHcxyoDIphKnbsOaIDYjIGBWHroaGYO0AkN0wkll9wDHc3mnStM4Hmg&vjfrom=serp&astse=e03e1c95be7b54f8&assa=8575,,Entwicklungsingenieur digitale Features m|w|d Business Unit Refrigeration,,Vollzeit,Miele,Gütersloh
,url,directapply,salary,jobtitle,jobopeningdate,contractduration,company,city
0,https://indeed.de/pagead/clk?mo=r&ad=-6NYlbfkN0AwjD8rgSncalCsJP2BifdbSFpsyV6gynVCITIi3cZedzSpLwgMYX07ivGYwcqwmzZGAkQvxXxy_MmEB8vn5IVQgZBrc5Mf9NdNd0BNK-576Eu7gP0jbKBR9qsxoZHx3t87dqXkuuCAVxieNPfAikc4vb-cI4lxBHTF5E9R71EftbOID5becZjzHVcWxOOEKrwxL1f3MVbD4oondA15hb9BrqFxcMxtzHNzzd4eEjjGgQjzlEtWlwpkAYjTZ4Hl5KcaLt3lMgjhD41D8EQ7v4uwSPOE7itps7tZLjpXGovaukB7m7xaSqhEZ3xTkZQIoRA35-lVm_gcF20UHGmRf8DJfBmFChMu4AtyZE73FZprbJk2ObdpzNdNLFnoMKMQ-A-bMIbiloAg3XkvloC-b20BCEmLhGuOmSaL3cFHkDY3hA4kIZ-S1Lb-m9p3ybQS_vQ9EqeDBQ5b5MUTnF-G6Wxp3ZLPahRJWwkLZAu3qoKq2C84WgRjt-KK2agiBH5PJYUZw51gOf-Z5DKP2cmo8EBYcvFHUBUGQlTQc7iq4i8oer5aVpVQHv9w3HRmfDyLCuthoia9Z6ZLdCBzQDWyCnbSm2xU8eK6hnLV3Y36qcufGYxwhg5v7DLMTdYQGOR3yYW76l5-TNZ0bg==&xkcb=SoCS-_M3SEfGj-QHIh0JbzkdCdPP&p=0&fvj=1&vjs=3,https://de.indeed.com/applystart?jk=e313a7e80a09014c&from=vj&pos=bottom&mvj=0&spon=1&adid=400172541&ad=-6NYlbfkN0AwjD8rgSncalCsJP2BifdbSFpsyV6gynVCITIi3cZedzSpLwgMYX07ivGYwcqwmzZGAkQvxXxy_MmEB8vn5IVQgZBrc5Mf9NdNd0BNK-576Eu7gP0jbKBRHAw0b5Z2YZhrOwKeh_DHGc2yI-ejsTzU8uqO8Inte_yq__RVACqXEdtVJCGHr-io_ucYFErjkAhQnM8ggUc2TcacZNZpPcRYpmVUGlHIs_qlXczs11CrNQ5KZL6gaKhfRSVwa9ssWWVqDIa51LL4G5661FmAbTAQ0P6aauKy4eKhDr8B5nRpHDLuWMJs9Mgr4lHeADEJAORTVUsuHholWpvfWXpom80iOXnnhG6I5NI0vTGn_y-r6aNE5PEKHOIdzmSxmq6Ry7plq_6tLDTu86RS2N1dt6uCk-b_VFxlSQvjTgSE4_D0e6FtUuas6z_WLmQuRkP5VzA%3D&xkcb=SoCS-_M3SEfGj-QHIh0JbzkdCdPP&sjdu=Mx6G_KmxKJgYGZ5i2Jkxwbz2LS_NVoSLRXePWRdodGYSfzTLzUmXt_HZaQ3mKKzIXkx2y0jCNnCDbxL3SIVaZfpEHshVq85mdeJN0G5DxqNFOHNlvSLx3R38QMqMbeED2sg3NOdSI9z56SqmSc4eEd7mZ2cfMwRwdgnBxtOyeDI&vjfrom=web&astse=d94e31058c2cef33&assa=6348,,Entwicklungsingenieur | Elektronikentwicklung (m/w/d),,Festanstellung,ASAP Holding GmbH,Wolfsburg
1,https://indeed.de/pagead/clk?mo=r&ad=-6NYlbfkN0AwjD8rgSncalCsJP2BifdbSFpsyV6gynVCITIi3cZedzSpLwgMYX07ivGYwcqwmzacf6rAf5EsTla-XqLhvAVPOG9AJ_Jpxkd7KaPqKasWrJ1sWvzuJIEC3-meItTzg2nMXCZnbWfmJhLKL9hxKtoQ9kz_zPD1pRqofGWaa8KsF6n6W2PVS2lHw7I3gen9RgNi7Tka_fyFkVLu-SLlv6Hftp4ymKP5X0e2HqOEqDIl4qS1E6KF1PDSnvZEkz71Je1_koBYv0fWNE9-wS3b3Y8pXkL07ihmG1Z5ahr3kzPVkSET-n6VJZ2TSHKUPn61k9eeKaZdnc43owH6wmT6KB0mXuDBRL3dz4QdY1bBDZG7r2iLHikB1A2DEaryS8vfI6UMtz6tppQh5r-cHSZ77GDQuiMt8xh9STQgJ7NtixOSwEbGYtrksbzq0rhw1zJHoao2yr103ytmgt7cLZO40YiVyOi3E8LyN56K2gz3FQrAW2AHyBJthkV5d6hl9tcacmvxuqFWWtbp_gMazK2Ut4G9YTaOuYWBPeAC-AEhbYRlqPOK0kp0MS7LWs1c_4q9-6lMzgRmIXBuWGnEkMpfeuoVrmaGUG--lh4CVV5e3X5st5yA44pXvVKuruLFCDNCZ9Y=&xkcb=SoD--_M3SEfGj-wHIh0LbzkdCdPP&p=1&fvj=1&vjs=3,https://de.indeed.com/applystart?jk=6f4ac5ad782e4db3&from=vj&pos=bottom&mvj=0&spon=1&adid=400172541&ad=-6NYlbfkN0AwjD8rgSncalCsJP2BifdbSFpsyV6gynVCITIi3cZedzSpLwgMYX07ivGYwcqwmzacf6rAf5EsTla-XqLhvAVPOG9AJ_Jpxkd7KaPqKasWrJ1sWvzuJIECvm1EQc1xj_oPNt0lfuB-sYMUi_E8R1L61IeRuw7FyL9hFj-Y4yXKsGZxGND2gJgVKgdWQS2IHjr1DE-2eeq5w69xOrtwDqNjh-Gdy-8xYR1m9Z3waRi1Xeuxra-uviqO27O_0t9LjG7narwEKpsyoNsFNveSPbi3aH-rOgp_QF6gNkNGdx0QCJMNU8zT8I80uJrc_tIGsWTHrk59idtqB1sfptSPTLwC-FTfBLDALvrut5JPQinPVVkNvb3nCDUwOjnr2jct733e_u6Q7KeLeJck18P4JE14qz3KlxlLQUDnCb9fWg1QBnS43sK6EQXD&xkcb=SoD--_M3SEfGj-wHIh0LbzkdCdPP&sjdu=Mx6G_KmxKJgYGZ5i2Jkxwbz2LS_NVoSLRXePWRdodGYSfzTLzUmXt_HZaQ3mKKzIXkx2y0jCNnCDbxL3SIVaZXQGn2VUKAa2omTKYrOtLEafk-I7BxlPjvVTY1SVvTEpQP6KGN6Zeuw48QNaU3CjAg&vjfrom=web&astse=1d2c7d32a6da9fc3&assa=9790,,Entwicklungsingenieur | Testfalldesign (m/w/d),,Festanstellung,ASAP Holding GmbH,Wolfsburg
2,https://indeed.de/pagead/clk?mo=r&ad=-6NYlbfkN0CnU0dzMBFE7kk-0UDOV9_12sHxq5F_ZZFMQSNQ7xcM-QQFi1B74oX0U7CHoSe_E0lwMFBFTffs4TkNyhP2j0Z5Z1bOS0AuaiTNJhRg-kePALXDYLuBGQywIE-AhWn_0j1rppqnqamudWO7DZBYgAY-cIVJtLl4kxPZ2a1ZtHUoK1VoCKXcf6nwQUCHRnK81_tjHe8qKULEPosXOUjw602ZYxTObRWmnSvdtwdIZ4EY_Q7isUeEH1VEMzkDBPrjcDLLblBGasPX489CLJuCz3OftkoPjgMrexQyCEOv5hYLN9XEU6D_zDCVikMsFO9IbP4KQZ9YYzk9FYu8cHwYx_J9ZAxilKnm2o6XbCwy6DiEFxJVu4SHRdS3GXHaFwVglGBie42BFDjdez2x_TR5kVqfAcX1Ol_JcoMZ6DH7M0PkLzqWY8qtXDe_s9XR_7SWioPPkkxbfX93nQ9gJhFQsq2uApsy2wN9yj-BU0JygGLW4an2ER13uCFO1ceIZO-wjKW172UxLHFSSgY4LHdQ-M5r7QuO4UtNH_BxU131K2G6R0jVZ8E3N5cSCIyRzPZkDda1aIVbF1tsuUX-7wQadKQ-&xkcb=SoBK-_M3SEfGj-wHIh0KbzkdCdPP&p=2&fvj=1&vjs=3,https://de.indeed.com/applystart?jk=d9ffaa4f8c78874f&from=vj&pos=bottom&mvj=0&spon=1&adid=405701651&ad=-6NYlbfkN0CnU0dzMBFE7kk-0UDOV9_12sHxq5F_ZZFMQSNQ7xcM-QQFi1B74oX0U7CHoSe_E0lwMFBFTffs4TkNyhP2j0Z5Z1bOS0AuaiTNJhRg-kePACRPe1bcaMjtjdg80t5xw-jpQgvS1mnnw_G1NZGDY81545ZiqTP3R62Rh707_FmAgCdU9tHV0hP1HZ38n6ILAnNudu9bqGs8_NCCs1XMF5KdKH55VXQWCC48XkqFH5VVLG-FCb5WO4KmatbNgEx6ahUb-NH9MNirR4dc6XsiMoIEHdLVc56XE8plfn7c5fFsw3nqdtukl1f3BcO-_i0CuPz5049UaSmTBzbDNcquDVKlCa6Bc0wGIHFU7mwxQtzH3IE8cdZMDH5Fxb9Uf4BfjqN4SG1hvG2Oie6njwT65ixkhIZ8QnczkwAiZ__dMQspoZ6-S0lXCwG-Pae49_ECaEw%3D&xkcb=SoBK-_M3SEfGj-wHIh0KbzkdCdPP&sjdu=PZTpGlCTE3Vc9rtunzGVl13JEM8RMPr9gN5HAa-Klp8&vjfrom=web&astse=3c28abd104829c09&assa=3260,,(Junior) Entwicklungsingenieur Testautomatisierung E/E-Umfänge am HiL (m/w/d),,Vollzeit,Bertrandt AG,38440 Wolfsburg
3,https://indeed.de/pagead/clk?mo=r&ad=-6NYlbfkN0CbxEzbwvqNRX2prSqNfF9fQvIz5xhZtaTcGYngGT-9I5TI4BeBIBljcQ_VRoJO43TXoqvjlNRx6SfoxvX4DhvWS66pmxVWnChsEK5HCctF3d7gs_aPYKFoy23I0GCYZCJB7aN8pidT604rX-izCL9U4g-QhU_61sx4WrzJOwo1uzPNJY6c5j1mdifG7Fs7-2UbejgzxZm1oKUrPZ6_eKiroeBRbryydKz_-bHuRUOurN7R6dV9rdta-K6YPVm8eoFAJEI8gjzV23pIcjwBY7DtOy5ErrGlmnTQe3eiJgalkg7EzmPSAZc5RLpOh8XmX1KyM5p15SNt9rfdMCuqCBNupxVaC00iDCsbQ7ZgNAIvOe1rdtl-qlMgCKsb6Wg4Y7OlKnsaToHYi4HUaOk5M5g4CrpFHRaR6K6UM5j5P1-VE0EEivHuPtjy65W36Ho42eomNf34eYzVhUtfE0xQWNwMxC1LHzvfvBKwacpWeuFsYXfMVGJrwtNM&xkcb=SoDX-_M3SEfGj-wHIh0JbzkdCdPP&p=3&fvj=1&vjs=3,https://de.indeed.com/applystart?jk=58b520894f482be9&from=vj&pos=bottom&mvj=0&spon=1&adid=405322841&ad=-6NYlbfkN0CbxEzbwvqNRX2prSqNfF9fQvIz5xhZtaTcGYngGT-9I5TI4BeBIBljcQ_VRoJO43TXoqvjlNRx6SfoxvX4DhvWS66pmxVWnChsEK5HCctF3eC8FSCILMuUBuKg9rO4mw3VmotjdclwjGFvhSFsfHXoSOUlaEYHMRBOfRgNcynYRupdLQ8Ilnh8F__rQtKuDNEv1Gk3TenDlQfvjkB5UZx9HcneFuIwoxQ-wd_c2amCeanWKu0dBlzwesVEHzb8pTBVgAtCuXf3U9IBtM9AfORfHfsEQxcXTIqei6iHODTVy6vm-oUHOWDKtrkROSqoirjRI0ei3hWXEYiuX5VxgcblQdRdgb2kTNI-_YKxZmQy8_lQgX5b3J1W539Zq_qlW_lTkqb3dVmwHCylmEm2m3ZtUJmTZTxyUkI%3D&xkcb=SoDX-_M3SEfGj-wHIh0JbzkdCdPP&sjdu=LS8ilyKMggDofIAA1pq_r5GBiNbzTzuCZrs1n3Euwfv0yW4mIK0g1QsE8AjhwaHOlir-qXZ2agk7UC-c4ZpRdpJtTLrSNEHF8Q3iqFjTdNiu5PCxX4ixyNdiQNskFmBKEPjL8UYjwrwc_rwD4cISnjQ2b9Il319ZICwwVIqdchs&vjfrom=web&astse=4b4fa4f6b46cbb91&assa=6650,,Entwicklungsingenieur / Konstrukteur Elektrotechnik im VW Werk m/w/d,,Vollzeit,MicroNova,Wolfsburg
4,https://indeed.de/pagead/clk?mo=r&ad=-6NYlbfkN0CnU0dzMBFE7kk-0UDOV9_12sHxq5F_ZZFMQSNQ7xcM-QQFi1B74oX0pLizk2SnQrWhvEBSf_AfkwZ9WrlvVQ8yGek2q96kwSaweszKEqncjauWBkB2A1eW1LuLceQABup3QGwuobFznHGHpO8rtT8TLhmQNDSSIiA6JaToVH0eYs8OLcVp2WBL9L8AWGxpPOlK9ri6qYcIQMCgU0FQt5rlYc_ukH-ibu66l8xu5LWPsPy5locm_apaSOpzqyS9e-vj0itz5InR0GlR32tHCg_5DHSE9_8r267wMVwKwBNsNwzAkwjMJHhYfRcOw-uTEdAPUzZhktg3E-5hJlvNosgPF17EBH9axjCEQS1covi2V-2WWGEwNMBlXKtKyGUsbxkD5KWeiTUNYppBzp9Gdvh0XBYZJ45Rn4VIp_v5GICNPIkV6ODaD62hSTpzbzzA_JV2Lq2jbWtRW4elUd4IogdVpCMQ3LDT-W-n8Fr7Odt2PWhAfnt7ATUJrj_vr5-AuItNAXzgUZ44wkwknnpSwDZde8MO094HTjW1zTfWRX8fPPziRHYiE6e9Gw6XjwhfTHWxSdV2G1UAg-5I9xvfr530&xkcb=SoBI-_M3SEfGj5QHIh0LbzkdCdPP&p=4&fvj=1&vjs=3,https://de.indeed.com/applystart?jk=173307a9a25f24ba&from=vj&pos=bottom&mvj=0&spon=1&adid=405701774&ad=-6NYlbfkN0CnU0dzMBFE7kk-0UDOV9_12sHxq5F_ZZFMQSNQ7xcM-QQFi1B74oX0pLizk2SnQrWhvEBSf_AfkwZ9WrlvVQ8yGek2q96kwSaweszKEqncjfAl_Ew4Dd_bT_LEiy7ViniDmk1IURjd8w8ibI8oJZSM2-9Ldz2DzMJI4LJzGIk6X-UxSKf6VT8jx3U-AI5522Ijxw1Ue5N1HpOqb6Dsff-6hszDDZa4b5PFucbslRIDH-yVqOZjb6ybX3r4IhuopIHtzGsJnBtn0TvkDMAhHAlUZI1hnpPOpo15QCojbeMO8vlDiZrYvS_JKqlNzjR0rLiL5ltt8t7ZAVKQv8XGiIKpq_4dHJ91KFrtGq1v7uVI3SX0ME1t55_gP7yA2qhV3_jopdnXV3fFtmI0CEItRqFBO1MPMvLicP4JZFJQ1bMPjoFLkSkG0X5U&xkcb=SoBI-_M3SEfGj5QHIh0LbzkdCdPP&sjdu=PZTpGlCTE3Vc9rtunzGVl3sCvq84okGHflTd8RqcTtY&vjfrom=web&astse=d03f57a71a01ba1d&assa=51,,Entwicklungsingenieur für Test und Absicherung von Bauteilen (m/w/d),,Vollzeit,Bertrandt AG,38444 Wolfsburg
5,https://indeed.de/pagead/clk?mo=r&ad=-6NYlbfkN0CnU0dzMBFE7kk-0UDOV9_12sHxq5F_ZZFMQSNQ7xcM-QQFi1B74oX0pLizk2SnQrWhvEBSf_Afk5u3efIWNXqpeU8vOFzGhVWdRhZdRFUN4j0smxJauNmy-Qi9LEmMNA17rlNfLfl71qQ1Wj8zNJxUoVYeK1sGbj7NREXGe8wPSx_s04S7ZdHiDeVbaZar4t85WqcMbMyaIjPg7UKL71duXDpO3215fFBMh6-uSltewidTA-oU66TgQQzrYg4nNwnOtX3g9t9DqkpDCHMsveBstSbxfb5OgtyohDLqUqgdoWlayQ0Ef_STgm1gKlLc_WFdOHoLNM9Cx-nqWKyrf55z1nLCdy65nsxcYk7Q27pcZDEV5oE0BYZnskRzxG8oOp15A4KY37d1Xf7csaMNPs138NSKBY0PSZPf9ieKKI4o599uhujiDJy70nIru2vSJI6mOjK6DT-IGF58lWQewldSJcawqjZtCMlRMruqx4MB3rCu4jx2VDVTlAeIz96C9hg8XSb-XWz6B9SCUzsjuB_DBa1L4UymhjEZxgsutndfCylIBpFUVUUTOdt8jq6BWc0SzwEk_gdyOA==&xkcb=SoD8-_M3SEfGj5QHIh0KbzkdCdPP&p=5&fvj=1&vjs=3,https://de.indeed.com/applystart?jk=9d3775884c925430&from=vj&pos=bottom&mvj=0&spon=1&adid=405701774&ad=-6NYlbfkN0CnU0dzMBFE7kk-0UDOV9_12sHxq5F_ZZFMQSNQ7xcM-QQFi1B74oX0pLizk2SnQrWhvEBSf_Afk5u3efIWNXqpeU8vOFzGhVWdRhZdRFUN4sA8YfhwVFsmFUDoKhdBbeQI7zGua6fJVRJKkiLKpSMbIsG49ciKudUxLlrK_NvA0LW1Q8wxmx1-ZOXapIM52HnehmcUfAswWQl_NhbidQz7jmM0xSIOI9dzcfBTdn3JSYz47rjLyzpLpBUkxHyxOJlSrW284aVyl84yGYfdrwtiLzLMqryZAH2cReo7cMKWxFkNuXYdCnfgWlAAWQPS9-PbpxrCK7_7_6H-FrtTV9RIJnSz24snsIgCSdyz9zl335tnd9H95tEYbCa-iqPsbi3tMuO7tS-TPQwSd2axvpEDnumhuw6gZFG47Weq85pbiBQm9YjsS3a4&xkcb=SoD8-_M3SEfGj5QHIh0KbzkdCdPP&sjdu=PZTpGlCTE3Vc9rtunzGVl47pmLrcp2PgLjigKElqYhY&vjfrom=web&astse=3672f9807bb019b8&assa=3692,,Ingenieur Fahrzeugentwicklung Elektromobilität (m|w|d),,Vollzeit,Bertrandt AG,38440 Wolfsburg
6,https://indeed.de/pagead/clk?mo=r&ad=-6NYlbfkN0C3YlT1kWGA8TFYmlX8rfH1V4SxPugSzqg_E_chZRPKqe8NHPKw0todiM4tF75w9iVkSAoRpYtEIXyAdATjrXX6lnAUxE-EZCP_sFmdjAv0nVdzQCHD_wV-s_YLbaS0eWjCv_uM_XtY5qPR-0CHT1nkEmnI5MBUnhsl78tHrdgpYYwV_Hn1dS3oC-aIAPrZkf627-r5ywgMetBMSmewYRN8qPPpBqfvzMxfB36ot0AfJePPTx64qKFbH04fBQEPCu2TBh4zmlT3JS-RoX7sHgBO7J0SaVHUiav3Ja47BEshWo0tPDZ4rhUC3dvhBANmalPQa1xpOiL3r3F0NBmVTKndqJwLsYTlWdVCEL6BPP83l1oNApq93sZJ-ocdG1MfhZJ4GogaYxGevXnd3kWeB6s1n0AKGZnSU-xx21fF-KYyV1qmGfBESjgwnGFbctLMxb5IYcydK_PfE2zL2CWYyZRu2YFlgyACfZkbWVXsPxFgpIr1Ud5hl1gBSTzDg_01JqIsKpW-3jGIsm-nUhpWT9aDKdlkD375IBXI8wysWacpNNv7KRk7MT12Gfw5UvcpK1E0e2rU721sbyfEe5aa5WdM3P4dcy3E3l2zuun9EgWGBif_GsHf_037JKq44zR8MkE=&xkcb=SoAN-_M3SEfGj5wHIh0LbzkdCdPP&p=6&fvj=1&vjs=3,https://de.indeed.com/applystart?jk=8efd0f8983565b7e&from=vj&pos=bottom&mvj=0&spon=1&adid=387584434&ad=-6NYlbfkN0C3YlT1kWGA8TFYmlX8rfH1V4SxPugSzqg_E_chZRPKqe8NHPKw0todiM4tF75w9iVkSAoRpYtEIXyAdATjrXX6lnAUxE-EZCP_sFmdjAv0neMxXV-zeVD3pqYUaIshhy3O1NWFU1d88GgX7PpWm5aRb7HZhaSwNqRMFe7zBpX8TJdPnVajQ0CJz64bI7NPyOaQwZzS6KTOksT0kyyCd5OaCLVWhg5NAsLt7iwQmUZLeZrH3CbwHbeu1DC2Y5eqw86sjB3Ii9bb1HQ3rKZT8tSA9YJJCgS8TiOvKbX4qypyW0YagBmUh76uNaR9SGHwE920YtXDgKEOVLGW5bohOenRN7ecss0mIHW7N964RRDpLZlRM5Vur-ljvU4sSx1tSTPRkPhwXbpSGxwlD1VmX9qFBMshuX3OMMcO3R5G_q7Wdg%3D%3D&xkcb=SoAN-_M3SEfGj5wHIh0LbzkdCdPP&sjdu=vx90w9Gn7LlSCV8EGUDh0uiGDGPg7gDmuzecI-G80pBMq6nZZmZZwUtVq0mtqtrLo4pG-vGzFwzCkhU6am2RByT16_nDE_o4ntpOVMKSWt4V1DgfcXE4Mxuom-ko791fPmYiNc_L1ouhJM0dfQOiXZ-004QrRwRw4HLzu5gryRSLllrZlcJwrisZhI-JKATCvKiLUHL2lInnBjPRARaIFt-LBd1gFWNhuA7PWjMN-bKyqnEL7wO9naDB1uvSfrGy3xpeXHPb8mJfz5iifiEy5Tsu3q9Q3aXda2IOer8tzGuIB1ZF_xLzC2GdjheEl8Iw&vjfrom=web&astse=75abb69b595f1822&assa=7497,,Entwicklungsingenieur für Präzisionsoptik (m/w/d) in Göttingen,,,Qioptiq Photonics GmbH & Co. KG,Niedersachsen
7,https://indeed.de/pagead/clk?mo=r&ad=-6NYlbfkN0DSb5vo1R_-L5OpjKMtYuJAAhWPCuiKyYrNS-1bYNxjpgqEfsA9np8n7PSmMR6SPnrV-lXBWEbW1ZBesRpzWQr68vVhll_xVp-9uTV8_vIekEMN-AmiB2Ef-cXzkVBE8V-351wB2vq93gR-UKOaL0Cao_Z76pDl7plNGQ65nFT22cwzUiS0Ne4tSERz1Aq23tgJ44dLKIf5QNJxbUGta9DsYOWBuASGqVmI_kABYJh75FT778ENualrEGEj5LR6BayMY1U4zEeATTwjDyWEWZ3UQIi3BTSO89Ur6AQRsJSzw90aIXY9BUG1O5sAXfQzOby0sSxvrdt58DC5WfSZZP2bcCFSPHP3OUp7qRHnjEJlbGgyWJCY4toDZ-10vd-7AhUsxNknUu9y4lMP1i3DWqq4M75cFw5qOyOrdtcj4Bl2pYl9Xj0pzKKfh8FQEOpQm6FrtjbbbnFEaNzaAcUKkOZdP511tyo6bcwURbbzYFLPzv8KOIpfO7IOlwZdLAnVGoxpLyGZE2fbyW_f44DK9uYlN03550uGb0tKl5Yvg4WpjbWCVsYXeNXII4qOtttiFXxb65uD0ikUxEIPVrzqfvLVy-jecwDSUk4DUZl9SnKWzT956i_gM_BFpOjd3vcSedoGdufGYTlnvNMBRiNFxSdaHOpfwRzmHoLrrI-_otlVHXkekCcf2w8KD3UCMy92A3l9v50STxZFzq-XGXgmEZax1SjceeKSaE-E3OTglerEXDIxHPSzSOKbZxXIzkG1S_U=&xkcb=SoC5-_M3SEfGj5wHIh0KbzkdCdPP&p=7&fvj=0&vjs=3,https://de.indeed.com/applystart?jk=b9e76cf7e2ac91b4&from=vj&pos=bottom&mvj=0&spon=1&adid=380732589&ad=-6NYlbfkN0DSb5vo1R_-L5OpjKMtYuJAAhWPCuiKyYrNS-1bYNxjpgqEfsA9np8n7PSmMR6SPnrV-lXBWEbW1ZBesRpzWQr68vVhll_xVp-9uTV8_vIekEMN-AmiB2EfGHvDE9D1HkYPdWMab8W6VdMlYbLxk0aKI1QJYCr1RLhW6UrlH3KQfMMDv-Ylzj_3ajy7jaNEjzjUA2eItMkRRfW_PGcuX25j3YjewFFlAUpAlNFDDIrpdWo6hGJGwTrWS3wDOf_69kbYTpkDi-xxDV9QMDLu-MkqN0ZUMXq9AgP3lnizomcspTb4JmEaJaa-fbic6h2Ap6zN8ArvOsMu0VL5Weh7tp2RAH6ReSqyS5YNjqM_Zc2bXJviYl5kG12m64Id6Hn8UxzCjj7HX4j3PbSO-zvzsirZT6Ap_5K4f5A%3D&sjdu=ccyr2espBeJzOFpVPXM-rACEC7Ec1ejscm2jWfO9t3ZlNA-Wey-xLqwgTtiGObmsf10EdkdqfSJXR-zkDerIrupO-k5KlOqvpxuOhO40-kEzwdx4bpePJQTKCAqSKSsUEUcormCS_eTgm_a_RHxP01nd8BIKSWNZdFa_Keq1L3La9BrDjqMMORox-zkbA27fo-pADUtXeOEUIIPMIx33fw&vjfrom=serp&astse=6f6b051b70d5bdaf&assa=1039,,Entwicklungsingenieur (m/w/d) Fahrzeugsimulation,25,,Excellence AG | GreenTech Engineering,Wolfsburg
8,https://indeed.de/pagead/clk?mo=r&ad=-6NYlbfkN0CI78-GaRQqKCubaRjb7wkRz9ylhYpvCRjppBJ2P_pAO6eX9bCXLkzal5CjoXw8n3az3OQ7Q_jW51s3lh-H9sTOghsy5KIYj_DoJSOevFXjpRmNTUMj-fO9KP1VoYlIy9MyhrLbWYaXD3ZIBVpXzp3Vw-je9gXdy6iBbaIm-pgUYYKfL383nXFy-lNI0CJros1YBM0eK2_IBxU5E57MOWWYwt5AACVKOOi5jqLRFXUYYxWW0Z3ms57Zhs6mncGlnPxw3oTXlNcg9D4-hI_YXZMzndETJAP1eJwMpA2MkY_5k1Wn-DFw3e2ytelIekRf3CfFnUjY9bEH4Eon1BJfcVNrTyr1OI9UjNXJr8JnuqTs7wEFjVzwpDTpk5DsRgFKsuHZyPCBbFj4XeL2XJIh7YlX2StDjZ5fGAfX3h9CHY9eSwW4vb1TaFvKq75CpPx2sfw_nGAoJ8VIp4r_8mcL7GB6Dwz_jwVIRvdRM8E96v2oa-OGS4aEqh4egtcTeXq9Pq_ZfG_dY5X9jPODli6BQ8dH4zl4koUZiVRUfQfGKgdIoSCAzLkqvfkx1vQmwd08XhqfTExkeBe2UZNbVs9arp-cmuw3I3Oe8vNji4xYbRnp_BGmv4a1_RCCkpDx8XmO4-zDyUqw8NjVuVJelhCSrLr-fgSTYAtUkLs=&xkcb=SoCD-_M3SEfGj4QHIh0LbzkdCdPP&p=8&fvj=0&vjs=3,https://de.indeed.com/applystart?jk=477786c2030e1768&from=vj&pos=bottom&mvj=0&spon=1&adid=402103556&ad=-6NYlbfkN0CI78-GaRQqKCubaRjb7wkRz9ylhYpvCRjppBJ2P_pAO6eX9bCXLkzal5CjoXw8n3az3OQ7Q_jW51s3lh-H9sTOghsy5KIYj_DoJSOevFXjpVA9rADjyLFz1UlirSVfRP4QWphdORKWpZWYOupMDcfqRgxbYfPUcdVI8p1Fbw6j1xCFVgEvqAdEQQ3Q80k3EUCaYoVWpZoehLdIsukX_DjlaVjzXnW6NGI0pfGnQkeuZtwTfyZCwrPOxPJpVNAp0ap2NtIRVG2JJGgArN3mH_JkuCAx67TnycMX2qyEVvnp3NEy6EXrlWUvFd4NMMVW98OZghyVn8TmNYWiYMgivkwN0rcM5dqD4KEbc0pOHyuCt3BMuZvWDVLoJZxDGginguQ-l_Wf-FMsvqt6scotEC94&sjdu=cY6HuLxBYWUsaiSiWuRRt3ZvP0XlSgGumwkkFBzeIfLXHQ8ZTlF4T9QGFZpzzNeJp2vuoY3HEfoiEBi1eVkNiOE03kLTRH9Ww92cS2LmwFrACnExJPHGYK1x68mkArkiPbamn8iGPM1tOWBl52pa0pndAQHiQjiDd5GjGL3VdSn5-UBdFMCR3PSIY3HpnT7QFlTPzp7yNw3ICCAnwShIzQ&vjfrom=serp&astse=e1aa5d5b060fe9fb&assa=4689,,Entwicklungsingenieur Maschinenbau (w/m/d),,Vollzeit,Capgemini Engineering,Wolfsburg
9,https://indeed.de/pagead/clk?mo=r&ad=-6NYlbfkN0Bol_Fs73f0jZwz-XFUQyVj4Jg7zVyXL6gATa1b3rHghDRPZzpR0yIhbcZBpx2wJ9hcygFzP9f_NLsUdxDgOhn7uQl13cIQm3s85QbYG-DWbf7Pvu9dkfty-LDeu0HM2B2F6-PnWjFnE2UxX6McmcAydHswTcObM2I9vHlzKRTXc20L59vp6nSu0zo4Vh_XH6VB0ALUuU4TrmdH6zagcFk3w6s98FiRbdE5M_ImfmUfi86W10Ur_BxAgTyLzxDssrYacHya1QM2v0lrMfV4q6dgK6-aA6SDmL7SO9SjkcUzOYgqGzsVHUSB-b9wRlkGewUwxkoK7bVkWXY_J4pTk98b5HjWG9g85TudomCU0tBkuU1sjAqqzh_I5VcOfYH0hG3yVlRZ7DsscroeEl7cl1nEAkKTULkO3Sqy5-TnA4AlAuVV65pmdlfCvpF6urDNvCuGkOdrrQqOfmVIcHGETdrJ_ch3nIXngf0n6g5aiNO2Odd5yZCybXHmm-d6TTra7gu1guzfmBLY5wYJe4VcRwdT850970CZclz67h0pTBbyZCcDJ6VOiM0ti3zEpyIs3KsuUseFLuGdLyun9hI94iNmDX2J8ZWub_L-uNZOUrsoPCSsOhKGOYSM&xkcb=SoA3-_M3SEfGj4QHIh0KbzkdCdPP&p=9&fvj=0&vjs=3,https://de.indeed.com/applystart?jk=5d1d11c98126471d&from=vj&pos=bottom&mvj=0&spon=1&adid=403777333&ad=-6NYlbfkN0Bol_Fs73f0jZwz-XFUQyVj4Jg7zVyXL6gATa1b3rHghDRPZzpR0yIhbcZBpx2wJ9hcygFzP9f_NLsUdxDgOhn7uQl13cIQm3s85QbYG-DWbRFf8_LiDRaubvh9Z2FBht0ZjnAP4e6m7q-ZwlDM2G3n_fV-sbcaxEgLq9TzhaqCdXwC52xFAfqoKm5NwLxbttr8EDpiG-hwdEg9jm8KuTF8nJ-YSMhrAyoqEF4wgMu9rI6jZnIHstDPORPS1LKjKCUYDdcdqVXPdLcgwRq95XKP27FqB8_sACI4n3n-eFrlAd9wF1rOXZNm1aARnryY2teTMcbpNS71Rgg-H98On4PySIre4YY0BjdhaJbeKNpAzDm6cG32pS_seNHjjFWi7SQiYb8o5t6R6fY2PnvwDlCLLulXCN7kdECre9ArD72vfg%3D%3D&sjdu=t26rfARm3NuiXOIfNAiHGRBVG6qlufsdUUFn0Q4QvMnEhdOUPw4aZgNpgOdPzlV7e_mqYHzSF-R32yFMFtdmmQbmoKsbah8oQoan_4JsKiJBGH1krvuD7Q84nLgt68Ap&vjfrom=serp&astse=002fdf2cd284348d&assa=8202,,Test- und Entwicklungsingenieur für Driver Information Function (DIF) (m/w/d),,,in-tech,Wolfsburg
10,https://indeed.de/rc/clk?jk=e1574d5c6ab977aa&fccid=e1d5c25cf0ddb9ef&vjs=3,https://de.indeed.com/applystart?jk=e1574d5c6ab977aa&from=vj&pos=bottom&mvj=0&spon=0&sjdu=YAMd6UJyGWgvrHoJpyMluoDDplm6SwWjHcxyoDIphKkwzRSUTKJFn9tQnQ4TL0h2kN0wkll9wDHc3mnStM4Hmg&vjfrom=serp&astse=85c9b8796975a1fb&assa=1508,,Junior Entwicklungsingenieur / Techniker (m/w/d) Automotive Fahrerassistenzsysteme,,,ES-Tec GmbH,
11,https://indeed.de/rc/clk?jk=6169e86f17d31e15&fccid=95fde455b1b3a55d&vjs=3,,,Entwicklungsingenieur Getriebe (m/w/d),,Festanstellung,hofer powertrain,
12,https://indeed.de/rc/clk?jk=635aaae9454f77c1&fccid=a8128b0f1af14ed3&vjs=3,https://de.indeed.com/applystart?jk=635aaae9454f77c1&from=vj&pos=bottom&mvj=0&spon=0&sjdu=YAMd6UJyGWgvrHoJpyMluoDDplm6SwWjHcxyoDIphKmU0s6fMmLjpytmAya2UXHVkN0wkll9wDHc3mnStM4Hmg&vjfrom=serp&astse=61e5351bb10afc7d&assa=8194,,Entwicklungsingenieur für funktionale Sicherheit (Bremsregelsysteme) (m/w/d),,,AVL,Wolfsburg
13,https://indeed.de/rc/clk?jk=376cd431d541c8e2&fccid=254ad00cf333484f&vjs=3,https://de.indeed.com/applystart?jk=376cd431d541c8e2&from=vj&pos=bottom&mvj=0&spon=0&sjdu=YAMd6UJyGWgvrHoJpyMluoDDplm6SwWjHcxyoDIphKkSPAdr7JoV7g3aHVxI4hq0kN0wkll9wDHc3mnStM4Hmg&vjfrom=serp&astse=2b117c886df8cfe7&assa=1564,,Entwicklungsingenieur (w/m/d) Diagnose,,Festanstellung,Magna International Inc.,Wolfsburg
14,https://indeed.de/pagead/clk?mo=r&ad=-6NYlbfkN0AuOCSRSU7o2q-pn6A6q8qEaicsalZ2sSfL9wE1arFZ3_fAsdbZ8SC1_oQsbSsQbHe8u1vwAnjEPSDZiy66xMkFFvSKAzQl6YGZzlM862tz6huWWV7c6Yf8fvEWhdy1WLlZYrfeP44sDVPXp6zrt51XoYIm8-1JxNxgeTBQ-GdcDxEx8H375AUZzZ45QdcwXLHNU_v_z29RmQyxjJHhoRljThgx2tRari5XbTvCm5-67zc-kGSuk2eIhNkVT2FHpWC0-VR2qOEqmiRZQhjSR72gDdYpRc4NDLlbjFcGIqeKYUgyC0mlfoRyAoHN2HREHVCiybk808HHtxPWpqctlL4x7RgJS9wad-6erwyEsVh4thN6gW0ftEqc2Df9DUKyJdPjo0DnqbHPETbRViwc3VrwiWJhWcLg0vYSMRGgIFc_4_6-9q6X7k8lnEvK2sb0a4C0l93RhO4KREUbu5u-JTnzRuexd533updpFrW2i0I-1wC8lbcfV6oruo6C7hjyB-mrnkTDRAfVDm6Gz1HjBB0ZWVSpg1A7E7cx-aOI0gSEdWgQLeefpG2WC9N2SItAHnFk7M7PGvBfxRcYoejo8ef3mb_r9zmD2U97ypy_1pT0vMTBN0QvrKR_837jr1rY3sanbd05Rp_o87CCodK6U0kJFV2QZGH4oVPeUIvv8TL5Wuj0slpuBRSymNXZLiLsKE8VHVzUXrDJWbCL7oOoyTU_0GEVkbqIIitV5bhdogASjg==&xkcb=SoCf-_M3SEfGj7QHIh0LbzkdCdPP&p=14&fvj=0&vjs=3,,,Entwicklungsingenieur (gn) Fahrversuch,,Festanstellung,Stegmann Personaldienstleistung GmbH,38448 Wolfsburg
,url,directapply,salary,jobtitle,jobopeningdate,contractduration,company,city
0,https://indeed.de/pagead/clk?mo=r&ad=-6NYlbfkN0CbxEzbwvqNRX2prSqNfF9fQvIz5xhZtaTcGYngGT-9I5TI4BeBIBljcQ_VRoJO43TXoqvjlNRx6RGVBymOcVzs5Da2zGwpzV3qoeQQFT5xqSAjtoDsteTeprPgKNfGaLLcINfgbtHKd2cWkB9WiBkL4pIUuoK2PA9Qq48_AYXF7Xd9OSVu0YIQG-DUGuFZ2TyZzVIGZTATkDDP7zynO50AUwTMi3D7z0foRGSRHoEexPApaHu6E2HOVBN4BMkV5_F4Kt8vFPjM71cPRq39ReMC-N0l-RXDvQZGtvRKpxCvbG7049mpUOTe8tkOwePEHUK_J8TQ5bF3lxoiEZDzNkvGnPC-TL72YWwPgSfO5HwB6xpH3FtWUhFqF00UMkGPE9KcAYhkxtUBGAbEAWdiqg1vStGeefwWzZchHu_wxznLt7uGmrhrGMZUn9H8e3mq_8jo-8R-74qfD-9uPVDBpi9q0dHmEVUSNRyeIKJ4A53OnXtrEmLH01Hjb5XSCbn4OH8=&xkcb=SoCM-_M3SEffnLxuWZ0LbzkdCdPP&p=0&fvj=1&vjs=3,https://de.indeed.com/applystart?jk=5ac51d624a9fce5e&from=vj&pos=bottom&mvj=0&spon=1&adid=405322841&ad=-6NYlbfkN0CbxEzbwvqNRX2prSqNfF9fQvIz5xhZtaTcGYngGT-9I5TI4BeBIBljcQ_VRoJO43TXoqvjlNRx6RGVBymOcVzs5Da2zGwpzV3qoeQQFT5xqd1jQAOi7x7NcodO3B8Akb_kyXsqeVCMoo-xG-3ps7WPULtLCsSE018_k3-et4SCA4SI1v4SvZ7gFEe0GBnjHt-cMpmjm9QMEZvB3yWbsEls8DQmVA2QnrKps3ybxq6gJ-Rigocz9cz8HP6soL592j9eu34dIQd5VnVWxhRjGWmdYzKS6FopHofZDn8OR-DLVDJrJHDayCRgOvV6zZqBqITa04EQVIZy9r0mm3YHuQyF9lljkDobgc2EtBFMMCAZHYJDmVGL3lPeXE-iGO1oFKjqXYrupafHvkeV-jZzi2yVvqQYVqXK6_I%3D&xkcb=SoCM-_M3SEffnLxuWZ0LbzkdCdPP&sjdu=LS8ilyKMggDofIAA1pq_r5GBiNbzTzuCZrs1n3Euwfv0yW4mIK0g1QsE8AjhwaHOlir-qXZ2agk7UC-c4ZpRdpJtTLrSNEHF8Q3iqFjTdNiu5PCxX4ixyNdiQNskFmBKEPjL8UYjwrwc_rwD4cISnjQ2b9Il319ZICwwVIqdchs&vjfrom=web&astse=ae49b61234fa94d5&assa=3673,,Entwicklungsingenieur / Konstrukteur Elektrotechnik im VW Werk m/w/d,,Vollzeit,MicroNova,Braunschweig
1,https://indeed.de/pagead/clk?mo=r&ad=-6NYlbfkN0Bol_Fs73f0jZwz-XFUQyVj4Jg7zVyXL6gATa1b3rHghDRPZzpR0yIhvq9Q_QZMRDaXnQ6kgwSFSsHSDDhU6SXKD4Iw64UABhmGeJfpNc7QAIPzdPoacxrHwT3GJg99NCxLWvE_8UhuxpAruB1Hyal3ztAPijGsq2UsYwrcycl7Eeao1Dg8HWOeG5RidmppyuXq0y88dx3xtPC5FVCDoE2MEeEBVFM7HQ8GJDnRMqetFLKcm2k1xNJSFWmTC33poqZ9Zeet49uaWaHfyDtuxiWwxMH3PEZZLA_PloK3dd9kB-RsmKnImyXeNeepD456Q_CSOta3Oiy1lETJGXB2UMOJMu5JBGr9tqsxjzXO234xQF8M0nWTCvRNYaLdfZBc6pvlzpU0HHzDqfQZ-wjhkalxAwpwaJMxtVS36MckYc2h2WHIhMHplF-frNyD9baiZAYvxgcy6NOMKEIhc-I0s-NTPshsz-BPEgpW65HVLP4_yb7xADHIBkH1wzxTkWLxprfev9SxS_6EifjUExKDJLbmz9aGCHOnja-bi2g9GR8PDYZkLLQ3Rs8pEhbOs_w3AZ-vRPbZokwkX2KICrXK1WQUeJvJVj5DhXL0qJEMHhQNwg==&xkcb=SoA4-_M3SEffnLxuWZ0KbzkdCdPP&p=1&fvj=1&vjs=3,https://de.indeed.com/applystart?jk=30c99ad9b95acf95&from=vj&pos=bottom&mvj=0&spon=1&adid=403777309&ad=-6NYlbfkN0Bol_Fs73f0jZwz-XFUQyVj4Jg7zVyXL6gATa1b3rHghDRPZzpR0yIhvq9Q_QZMRDaXnQ6kgwSFSsHSDDhU6SXKD4Iw64UABhmGeJfpNc7QAIPzdPoacxrH_pH08-VldTvP4OEUJKglendZBd5Q8CKR81YsbOJGLdadbCYB_FaT7LFAZmCvUBNGgOMnlsDlWtjuLt3CS9iwYTJwBxOoGdGaE5_hwq8z3RGmprJpRbMa3r3rQ9oR6JYzTEjwlPdLCnTFLEfW3B6PHpVicBq8KqcDtbRYmxufsvltMhw7ZhuZHShgwXmZgAu3UcREgFyqz8a8IqD_yVqUdH-nYsLVtC0FrzWg0ahAKs5GWa9AY6efBNwnoUU7htWKDIGJ_EN-GSi1IFHWr5a2fcuhFQT5WnIbNJCifsSLo9LGaSza1DB9uhf1nbBbcGHq&xkcb=SoA4-_M3SEffnLxuWZ0KbzkdCdPP&sjdu=t26rfARm3NuiXOIfNAiHGRBVG6qlufsdUUFn0Q4QvMnEhdOUPw4aZgNpgOdPzlV7l3u3-872bLvqhNRD1jsRWb6hKF4DiWfbe7Ho4D5jdXHP4_IiTEpOi17454m8hYl5cLMEtINw4xrI_JcBNJiu0hvSTnkn8EDAOSxyIbrj3oEiht88WVvblL5Gdxk0ZPBtqmvAlp4hZzhMHAUvHmQ38wEz_diY7go5MEUz_G60KIGWD1vHyLVd2aV5WbD5cO1I&vjfrom=web&astse=5ecc6aa327d8442c&assa=8142,,Entwicklungsingenieur Schienenfahrzeuge (m/w/d) in Braunschweig/Wolfsburg,,Vollzeit,in-tech,Niedersachsen
2,https://indeed.de/pagead/clk?mo=r&ad=-6NYlbfkN0C3YlT1kWGA8TFYmlX8rfH1V4SxPugSzqg_E_chZRPKqe8NHPKw0todiM4tF75w9iVkSAoRpYtEIXyAdATjrXX6lnAUxE-EZCP_sFmdjAv0nVdzQCHD_wV-s_YLbaS0eWjCv_uM_XtY5qPR-0CHT1nkEmnI5MBUnhsl78tHrdgpYVlfGfra4DOmwoQBOyMANXJ3CaQpumTzFAvcypXePzeSSSGUwQm48OQ2t_-0ZiMupxD5wRjgqIR-3Y1DbtJ3qFL_oDzZEJb_yir-eAW5ASimjBqV8T7yYmqVkuVkNtjSNgeGHAto5tDgi-b07t1x6FlN3zn7M8hUfYhqF7NHuHZB7AwKUAoMsiiXxpkvV-xFgrRLk0ZTa4K-QnwPC78wuGDRd5TiC7Ydtf_lI3tS8eDK-UOvcCg6UXZ0bsQLc0k2x6ykWHwn0G8TazLoanYCCM2KuogpPxsiFbqNt7nI9OY2emBq4YFQV0wN1jP022G8xqRMcgJ9He-Uu0exulaNX95GHxFNYRKLeFWJzum6ucUyBwN7NHQ5CROGqazll4xMTZCLhRH9gQfkE664QUa0vaRu1uSNkBDjkG8pgi8jZJFHiZXLktyMPkpnBsSCMeJ6dckhio0jJan6w2RJb9Eaiso=&xkcb=SoAC-_M3SEffnKRuWZ0LbzkdCdPP&p=2&fvj=1&vjs=3,https://de.indeed.com/applystart?jk=8efd0f8983565b7e&from=vj&pos=bottom&mvj=0&spon=1&adid=387584434&ad=-6NYlbfkN0C3YlT1kWGA8TFYmlX8rfH1V4SxPugSzqg_E_chZRPKqe8NHPKw0todiM4tF75w9iVkSAoRpYtEIXyAdATjrXX6lnAUxE-EZCP_sFmdjAv0neMxXV-zeVD3pqYUaIshhy3O1NWFU1d88GgX7PpWm5aRCPljLoWigH2wFCp9Oul220wdwafPmUHqcE2BIxWr3fG4hsP3OMB1IJEd1joohZIGBn8uSZsZ4XZG98qm1U1ijDbj4OZi09aX7MxS_V1vwG4gcISHevCy4rF8klBeGWfJsDWyGNS9JD0AOFWtKq5bTxU43h1jrKV18C79U6lI6tPeRF_3q_-0uN5ifu7FZZTvpxcn526R4rcD7cUFEJYyq0w26F05t66Dbr802byqy6Zzab2naqlQitsSqUSiGL7gQ4OyazQEW08ZHnx5c1rlSQ%3D%3D&xkcb=SoAC-_M3SEffnKRuWZ0LbzkdCdPP&sjdu=vx90w9Gn7LlSCV8EGUDh0uiGDGPg7gDmuzecI-G80pBMq6nZZmZZwUtVq0mtqtrLo4pG-vGzFwzCkhU6am2RByT16_nDE_o4ntpOVMKSWt4V1DgfcXE4Mxuom-ko791fPmYiNc_L1ouhJM0dfQOiXZ-004QrRwRw4HLzu5gryRSLllrZlcJwrisZhI-JKATCvKiLUHL2lInnBjPRARaIFt-LBd1gFWNhuA7PWjMN-bKyqnEL7wO9naDB1uvSfrGy3xpeXHPb8mJfz5iifiEy5Tsu3q9Q3aXda2IOer8tzGuIB1ZF_xLzC2GdjheEl8Iw&vjfrom=web&astse=9e6de245cea5ce3d&assa=1826,,Entwicklungsingenieur für Präzisionsoptik (m/w/d) in Göttingen,,,Qioptiq Photonics GmbH & Co. KG,Niedersachsen
3,https://indeed.de/pagead/clk?mo=r&ad=-6NYlbfkN0C2jFf4gxnLsI6L8vRy173ZBU7BTWh5Oq5CXm96NfZu-rZFtT9t-X0-7jiDDKCHPpnvSn8hytZa01x1N3HrDfRZsaUPuECj3mEkmxnRh57G_Hl94KD80VTf7HJPtER58yq-6PFTDJk9KrzeXoLLNixbCrPRJOrdJR2lq4PVlewd9aKoLpynM1niUMBbH-NwR2cfNT9X8L3vRsrZ5ltC7HuTw1uCx5pk_kUrkWeVEzTozPkbQKP7YSVWM54a_Ia5NkwYdoshiQkMaU5zJgYW3lmg5UbDWxcTANLlS7HC-YZLmv5PbuNl5MvnO7oc2lgsg5AL2qmtO9_rUogsjJTOcqipY8_ZHjhdasmMXuszFN1CzUu5LU19NAZTYJBWhuV9cYtAWopOFNyaVKILxx2-EjnvXDU5xMr0M1HhTakaNOyjCkQRXKTYZxszDkQYc5CfdplrBRGAtCOel6od0-VZpzaMAFH2hUNktUK_f-J51DUj07PGYe1ffKI1ix5vErafbTq4qCX31WHk4wfMUZ9P9_-7mzV4w9_vOl6hziqHZKbLNbeTbvDnuRjWh13CGFpTbFvKq2Qh3iKi3yr1WRu-CSM9zjWpXCrA0lEHd0IpcEnNKA5uLZEq9QBVwC2fXDeoBeMNDD3hU1KMSqA8d55LoZB49-1j-bwRK7BfdIRQGGgWjjYIJaU_pJjvPuqY_Rsh-e4pPFLbFRXEZQ==&xkcb=SoC2-_M3SEffnKRuWZ0KbzkdCdPP&p=3&fvj=1&vjs=3,,,Testingenieur / Entwicklungsingenieur (m/w/d),16,Festanstellung,iks Engineering GmbH,38100 Braunschweig
4,https://indeed.de/pagead/clk?mo=r&ad=-6NYlbfkN0CpBbioUG-pno_oPtZ0n26bDubwaG7X61GxR28E-uhfKdCXL-RqEeCS0lyuH_iIgN_bMBCXcbMZTO0Be3qGCc9V0bcm56-NifAJrVkilg-8x9jYSnwgbX57BlPMh-Yuo-70xdCaUU7GJH32hjPF4DLU9hMiTgeCbatUd1cfwuyIQ_U1qmhty-OiuJgjo8xK8U2XK5oQTwaJlxtoA35plO58Eh82YafAfhpYjYtbQSnAnmRtB9U0Kpr-xAETmnthYhj0i1bREj4sCXBjpSQI-rEF6Qc84YuSK13aoR6SL4yHz6-1Uy9w6VbZ8wYTinyHr6ofR6aInAIWaqRICSwkP9bXuCb8Ix1dhqGi1bDMdxcUFGko7E9p99DwanCluJzY9bOOMaTxg4W5-ukNY0u_hXSky2CDjwGPiEGh3e2OU71l5-gKoIXBMFzeQ5vcVUWi2cs2blkRWjoZnShPEHWWyozPnpxLHHn6fHEHv1NOIPGOJk3kWO2oDEJA5Aw7hXEcMrH5i9H_sgI4yzirXp12bKkfpoN7ie6hyYi9XIxebdodrSkag7wDA_Mx8smoXnzMh8RcNWsueVjNE9inecQVYcB5JKrOBfyMTiT_7IvJ063MsbMyIRqRrODb01MSDSy0zD0A8i-xQ5x1fAv-_tOJpNObpnQ1p1vmTfnR2beUsbe2JiQvQ9M1rEM_KaayOSn_LkkMsZe3fxLlTDuYDldJnszv1DfAHGY8mVVQO2j4rGiWtbmc__dVdXxMXS9eoKCb0siQc-EsuuvXT4Gwgz7FAv8zXFZ4lybi0cBzPRtQmvixMi-xvEHyqM7wrw-PN0nDTO5upfj5Xoghgg5_UhF1AVUkAWWgbVtp3QezyD_ZushpEm9BVxDkfITE1WfDRFVpM7yymzri91oqKq61cFEST3dVKo-qaSDzWPiB-jrGZ93PR505FQ2IEEKloZT7YvGdABtU5-61t-4YRA==&xkcb=SoAr-_M3SEffnKRuWZ0JbzkdCdPP&p=4&fvj=0&vjs=3,https://de.indeed.com/applystart?jk=e28aca464714b4cc&from=vj&pos=bottom&mvj=0&spon=1&adid=399610602&ad=-6NYlbfkN0CpBbioUG-pno_oPtZ0n26bDubwaG7X61GxR28E-uhfKdCXL-RqEeCS0lyuH_iIgN_bMBCXcbMZTO0Be3qGCc9V0bcm56-NifAJrVkilg-8x0Ho5AQfcJa78cQrIjucHJh4vOgDDu-hC3tnyqIMS_YVA8uJXt7yYJ7db_XeXPhZ5vI7Ys50Rcq9Ew8M9bTA7W_yZkAF1A6ETEntlfW4wH8nrgQsxxbNhP0wFsC_47SyNvVY0eh-oSL6x-Ww__HEZYl8ZpFnf5chPCBhFxl9lwBsKUtwA06PL--TWKxZwN9fcu4tKwm26qYZEQgez9xZDXq1m9-hODTnCKWKrjyci2y_9__U3HemrQIweH9S8Y03IN6_xVrI16kWMhI8gG_lIRDvvCo7Vl71lP06Nktmn6A5&sjdu=gIk7IymWaHs0dDkfvWak9jMPwfuyvHijUm4RDzS7kl0i1pQdZqYGzawO4yfVZqZE8UxfQVyqs8V8x0TZd9VTu93FOO614j32rUIXiRGlRwMwATwhVajElf0RRwhVljHZikWxuFV1A1UCfni3ILXW1PQZidGHsBbaPxyfQSQOg5I4WI9lWqQNrFTV3qCtnnSrsd7btYUXa0ju7YoGRiXrXFEBBLI3Io63eovp5ZLlnBAzUW2Bh5_a9P2vl1yecNWu5WzsZQIG6STRVSFDkr_njAe7wMB7tlivF6bZNGlRlV_kXs4sX1lBSFfa8aCAeA730tUaoBfAsn7MadUjCjpN_w&vjfrom=serp&astse=2d7a13e78eb960bb&assa=9446,,Entwicklungsingenieur - Automotive (w/m/d),24,Festanstellung,Brunel,Braunschweig
5,https://indeed.de/pagead/clk?mo=r&ad=-6NYlbfkN0BmgHj8b9RlIjsw0JlqLxeEtGuOxd2fbhScYXMt4rfS4GPqGz7A0Dh2_HVHN4z4C7h5Io51-FMz54xIG1FnDWiTKov4nLkaIzaKjiLPEgMHD-glyGr3eUArAMEHihlAjsU-VcoPxp5_Hpwkg0KHWvBBmEOahF_MkM11wICmG-S5N3jpPvNKL-tHVqw04zec6g9ZLlyEYu1u0vh88yIcZ2FoZizK24JRvMZT0tuM8pZuNo3FV-xZm1tdlCz3rsBJdJpek5U6-tXfpQA7H31WqoxLvOb8S0usy59Uo4apFc7ZMAqA9D5mXmEX3uToSIEKlfu4MEbSNr7j5sd9r8-gQyYT31rAMSd7e_uJ7QnWemR0esQKcj_x5-yp-5frKGffEbZpIuqSrAlBYGV_t5s2GKsNRDq0F1pCzMgUfQ3nQ3ijGcG_2s9Tp3yk9GwK6407dvh0eyPMQkPWHJgGOgmVjMZtqA6JTzdKP_7F4RYfrtkrkSlXolGI2rU-lHPuQAnLEnQQrvepT7QEjLdoWCTbpEioQY7qOIR3_caForXJ-4jFnWg9HrAq3VgYWtt0kV7Q43ApZPYqLCbov3rayy1fOOVsb3eFl7EZvDN9f2ni1gmy7IrXAqLfPez3N9IqCwfph0nLiSUFaKArUPP5i7RP9kAbgCKAQ7bZIdR8RIECyW45MyRqhDWJRdBG6ca0kHSMX4Y=&xkcb=SoCf-_M3SEffnKRuWZ0IbzkdCdPP&p=5&fvj=0&vjs=3,https://de.indeed.com/applystart?jk=04ea580ff0eb46b5&from=vj&pos=bottom&mvj=0&spon=1&adid=403894413&ad=-6NYlbfkN0BmgHj8b9RlIjsw0JlqLxeEtGuOxd2fbhScYXMt4rfS4GPqGz7A0Dh2_HVHN4z4C7h5Io51-FMz54xIG1FnDWiTKov4nLkaIzaKjiLPEgMHD46pNd0_b_i5WCzjUxKSIowFSdYsQ-nd7PY20Zs-Gfhh6bwVhiWtF6VI8rZaHDdvmHlB7xO_3-yjwmWHpMHT4sMRiX7Yq0RxBSgsVC6JErelX6ERVJCkSDxgMP0GvLYs4tlvZUpyjHTipdyacA3WYUt7BwNY7O8-fAmhtOnouZXJNVwToKSGU-4uV53W15ypAbbJl8hhDUi18EHFmy3zsCDf7JvcMmNhZ5E4S19HgVogyThzmsY68nFHF4jsfR963yzLOlvJMwLvlTn6icPu0TBMq94DUBmM6_unGViQInMe&sjdu=Tiy5YVzklOqAHjtChFDdXFMHRwYxuA5V-0rMIz9OdaTxtOkyhOKet4Du3FO8YagfwOzEv9WRa6_0ULWAu5KsFCGQtO8oD4RfdWV-O1W7ZP74wdUNG47IY4fdpQNXF97ow45JQX-_gzH0QrEDvswfTw&vjfrom=serp&astse=a8f7e4e65c75cd3e&assa=2880,,Entwicklungsingenieur (m/w/d) Schwerpunkt Elektrotechnik,,Festanstellung,FERCHAU,38100 Braunschweig
6,https://indeed.de/pagead/clk?mo=r&ad=-6NYlbfkN0Asn85l5nuj1iuIemj69BjRWvLvGWAxIOyu5YNS0ycFtNjjctdzFsiUbYHUxpNhoqEDbSXjjMkzSd4jeoj2j5p6PODdBDCzvEsCyxnpG1yK6ZAQTtHlZIFyU4fThy-bjTBryOarrYjp0jnq_ZBs12GgiCpbCTUHOjp2ViAOzzNz5oOzoaIMW_W-4alRZCV-HewkU-gEcL989fsZWhLsZZMqJy1938WqTxdmqzrGmxEJPZb5h6cRttGOaNuKurhBhoQARRU4TAlYUlp0HUPgSG_j0ECfQDbYJRlFbjvIVniHM976CDUcFKK_MfUSpeicJzphlBwKLgtzbiWQroj6_uwYHCW2LCuQAa7GDxlAoHHCNB7ZGJvzhkOyGfgVYPdHvDupha2xT3WgbU_O9Vc3iMO4BgI3lFMRrFOTzecPfbDPCMsEOhti2MFObhcSuYcbmjnZl95ilcOe6cOQdTDwRsRKNJ34gDN7PYRVk0MkWhQnGsM-9d61yFIUPkfMMJWewQnOmezZJ4HRH55DY1uaer9NOXkk48wKutM6B4vZA6B-ZwVY4dLj3GmXOIybwPJZkYSMpdINGb4RfpX9uns4hTL8N7U6v1Ry-Kw7LwHTqURiNJMwtnCHDlUWnw0-npbmftp8lxfih2FM5A==&xkcb=SoBH-_M3SEffnKxuWZ0LbzkdCdPP&p=6&fvj=0&vjs=3,https://de.indeed.com/applystart?jk=2930c3cfe05ba0e5&from=vj&pos=bottom&mvj=0&spon=1&adid=53475266&ad=-6NYlbfkN0Asn85l5nuj1iuIemj69BjRWvLvGWAxIOyu5YNS0ycFtNjjctdzFsiUbYHUxpNhoqEDbSXjjMkzSd4jeoj2j5p6PODdBDCzvEsCyxnpG1yK6bIibRmGnVAPV84sVgEBLe_isxOwL24nAWJH4pIGl5fwlchnHH0fGJVEy3b7lWUfSQVwn_wsLBOImgH4jrQXp6pH2Ac0cOKU-vm7xq-yWvxOz_fFwAtK7C9DVBoSB9tpgNF50BpnHQSf6L-2nX6qRIYuhM40oikQ2RrqXEMjU-80wHZyDGoLvWaPN1xYJrtMy8v9jzkX2Th-GMwqjvOrX4xUbBkDrYSXPVLs-TaMYMwBtwRhDz1iT2WIFZewyR6s9mIE4HZ6-4YKjJBRXQoqV71pD3d6rrXJaY8d2JRvTKh4Pgg9C1967OM%3D&sjdu=YfzmKqYetIfAmKIgqUYiuxrCv2BGy8lX_oDuNtSwkLsfY1oedw3CA9GTMcTKlBeZ_OXzh5Ro7WgHl1TEeWOUQP7eO8lMdWy5Qt2weHUqm9hoGqalYJ2QQK5JOiU3dIWL4EL3ZJNn_D-cO8OPwpYtKw&vjfrom=serp&astse=de596a3fe44a8eac&assa=6223,,Entwicklungsingenieur HV-Batteriesysteme Schwerpunkt Konstruktion (m/w/d),7,Vollzeit,Volkswagen Group Services GmbH,Braunschweig
7,https://indeed.de/pagead/clk?mo=r&ad=-6NYlbfkN0BmgHj8b9RlIjsw0JlqLxeEtGuOxd2fbhScYXMt4rfS4GPqGz7A0Dh2_HVHN4z4C7i_l00dZVvc33RPnPRnsuIDUnH6joVk3SaMjeT-4XtG5dmbIphYRTLOuo6pgW7p9Cyu_mA1vMavjJiv9olZqItz3C_72nH3OyAi29fFsZfWgkuxUHWI40PyQzIKEBqaLMQqOvTN_XMJANuP6X2VbjpFKjM508xeCBnEqi3YMnRMfzSoBD2XUWSGiMccXhtkOLbBuVFl51BOf1898exm_GTpDaQq6LjPJR35zSL0HMBYvzk9D7fuOAIj93YaXm0VaRddksMWT_XVEKt9rzsuA3NlomWZRxl3MMb7h59605ig7XHCfPui0eorAdWRAgrkkI4ee_oQqRBVRcmhMHYk-324ZsT331csZjTTqQDp558nwhuGbSdm9RvW6XbU5sIhl-Egryk9G5zGFKnpNP4Oix3pOAmCYUJxKokfQL3vRY0fAw2T2e1Hy_ytZRJGCCwkcvoB9l74K_w1gXZUWYCTw_eqsBZ0gSMnxJaw4oP4YPundv16q_JaW-Zqwa2hfZwigCoXix0SI6DtvLX4x4XrUZv-2gDUMFdJ5ApudZy7blSldD3jK2W3wPC3yW1W857wLpRZFk4kqiKClCpN88IeNJbrx4jytRsypgtTFBBehTpHm44rP1_83SrKDR_50CrH0m8=&xkcb=SoDz-_M3SEffnKxuWZ0KbzkdCdPP&p=7&fvj=0&vjs=3,https://de.indeed.com/applystart?jk=2c2bf88ca2ee61b2&from=vj&pos=bottom&mvj=0&spon=1&adid=403894413&ad=-6NYlbfkN0BmgHj8b9RlIjsw0JlqLxeEtGuOxd2fbhScYXMt4rfS4GPqGz7A0Dh2_HVHN4z4C7i_l00dZVvc33RPnPRnsuIDUnH6joVk3SaMjeT-4XtG5WD3rHAe4b5pyu7AYdHMyMKNJ-nIQd_r7yTKhV9s3bp5m8WrWeXlX89PjcLoGnDgqlkM2MVdR9xf0VDznn4A5-f039w5HaObhpFiw4tmkNLEZ7ZZVSyYRQtxcY2GPnShr108eB6XG-8je9vTcDLwBb_PJerwhajFiiLZ8wot6Y5flVIir6nJ6mrS4LD09b2aRXo6IuMO56ko4NMfKvOat5j9vvbFXyqfq7IUVKt8XbrF2JEaxFzzPi8Um-hiCApn6-OVMUU1SdPc3PdDsPsZvhzP2Gggiyh7tAd3e8mFRkp-&sjdu=Tiy5YVzklOqAHjtChFDdXFMHRwYxuA5V-0rMIz9OdaQeud83PYcInKYtHnlT1uwcconfquIeC_UJ3Os_eK-XCSGQtO8oD4RfdWV-O1W7ZP74wdUNG47IY4fdpQNXF97ow45JQX-_gzH0QrEDvswfTw&vjfrom=serp&astse=75803235cca69b75&assa=9746,,Entwicklungsingenieur (m/w/d) Bremsregelsyteme,,Festanstellung,FERCHAU,38100 Braunschweig
8,https://indeed.de/pagead/clk?mo=r&ad=-6NYlbfkN0CpBbioUG-pno_oPtZ0n26bDubwaG7X61GxR28E-uhfKdCXL-RqEeCS0lyuH_iIgN-wukfX8aT6KfYRqXa13_GZTuOv1uRJLZFAHBRIwbyjQn2fLLNgIuDvf3VmV75dB9mva6X5r4OldG8G_K6eD5FhFvCrmwIR45wILZDkFEMLb1gUmopIW5yWBLZUnN42i-8MvgY7fTNfel2X2OvJDTUWgqXBZWdgnNhi6NeGcEFepTFefN8F-f9jGbUhpfGrc2lY_Tp5DIMimARWtnosK3P8J0H_gSMh1zWG-BCQecUS8cLBajScjhmYKTLJndVkNl8RBIZh0DCpaXUA-MJayCkOpElJR4RmswMFiaHc5__ZBN6IEWUxaUy-u8Tc7uu0C8Lli7BR-TVOwQSSXlxeY1sHY-MTIn9EWGuYJY4lYvKBLLKfrJSaZFljnxqNkT6T_sLqPf1qg7fTA7-ZAUFzfJZYmXDZAD6IGnKK_av0g_ydSK7RGw9ufHSdMuUCmxOOMl6Ezza4xvqjR1bRO49FfZuiWUmlXRMa9AxZKyx3Nhe1ljwWp80fRdJWvfF7MgPalWR8EHKbLqYumQq-uxdTwpbTuVlTZanKz95_yaUkSu2ZKLK5DInRmHFNPdWMwf9ryMt6QrkNsGVXEmfrek1DMmRRWOsHmPyeY6zADv6WDlUE61JI9Hkjcma20BtuTFyOw8OziAmdZuP8nt69zXUBUnEbdQ0NkJ_fnBEOqovF38fmSeH3mrxQO-dyRen22WfluWQj926oO5I5mG03RZu5xQTOQPbNrhHI8sKTs70YQL4IgmpIR4Frmyu8hbO6H23JWiZfK2JW-pPCCA894ymvpae2FqU3lfF9GuCgVvvFChgAHcHafnsDuN4U78Go9gbz97qP2FowVwy4ZaQu4GAXSUdyjC9Gsj2J2Aw3DRN7XR23QCedTexffv_b&xkcb=SoBu-_M3SEffnKxuWZ0JbzkdCdPP&p=8&fvj=0&vjs=3,https://de.indeed.com/applystart?jk=18b5d4a3fba28825&from=vj&pos=bottom&mvj=0&spon=1&adid=399610602&ad=-6NYlbfkN0CpBbioUG-pno_oPtZ0n26bDubwaG7X61GxR28E-uhfKdCXL-RqEeCS0lyuH_iIgN-wukfX8aT6KfYRqXa13_GZTuOv1uRJLZFAHBRIwbyjQic-NsgYdkcC811oWF31M3doEtt9eHrY-z0f7FBeut8AjHdtZ_RLwTlOwDLJ9y0UZUeaWzHVVK_UvN_LtwnGFOE3c4cSGicRfRG8T37DH6z0NaPVqFb9SQbZijn1_HqzDZDK9Ocr4aPqTF-w7a68sCP4S56vxNpZ-aZY_QaF7ao9tJuiKs4J3JOvge9_PXZA_l5oKOFAu8E1o5MDFYLbmgDsMZrAdHVbRLOMEu4vIbVG-kJxMKTB800HgNqAHUOmb_TW8B-R1sqhl3bFqTyX63DxuqohdR7IGe7tkWJEhuT0&sjdu=gIk7IymWaHs0dDkfvWak9jMPwfuyvHijUm4RDzS7kl0i1pQdZqYGzawO4yfVZqZE0Gvfi0mf74p7hMRcAmZP7HfkpoDO0lLsnQnIwe7DHFBx6dEevOxR07M_h9A9R6Qrx4-WFSezBVrrMOQssbC3i8BXwGKkPt9ETIOc3LJRvy5dOIAFYtOinkUZdnStAV6p2F_DInpadD68ojOZUuS9bAJcrJuWWJ0zTHhzzXkIhvohkLTvKA-EX3VlfjtVu2T--MHVDRuOyGOH3aUDVxfe6CRAqIMl_h6EDVqwR6KXKvGdKe61stdSYqE1pDzaUirANDZv0iXfX1kgLDBUip1yGw&vjfrom=serp&astse=bea4a3ba95291b5b&assa=3123,,Entwicklungsingenieur ADAS (w/m/d),10,,Brunel,Braunschweig
9,https://indeed.de/pagead/clk?mo=r&ad=-6NYlbfkN0AMdx3XuGgeXDUKVBav4gVCTqmdunh_dq3h9fCr_7TCDo9_x5rRB_OaRUww9ctK0fAwM9RDgmCl3aEpDms8LBLWQKnfXXPsL6B5NQminR_APax3w-F8f9et9f9ZmbtDS1Iv5HVZ74BwqtNB9xKIINJA9s30i-kIaBTSwsWexEZECyBGau9YIHu1m-Gk57dRB99n_3qUsfJeyLZ-mdQhuPYlacfz1YnmHm3TnaIEXqWT7WcleBAdbfEgfUh8J71ecKYR9oDlWEotM1UzeBtg__zP-J50caAjI_YPdCMksyu4_fD6eoxdlIfg9xk1iOcNjMP7cb9mHoNnB9D0u3V1dWCBCdTuF0yL_fNCFHzZjZ5997ojuq1crrNGTICXtYF7bQilDM1u7E34KI2IIARqQnc10izbUNiDIgpVXVm2oZDo71Ysp8Qlkn79Fjbmr5aL15Ts4DLg6NLbjj6qgO3fynPNDSr6W2ztO4hXQZFYBD9-1-oqXsGlf_D5L5IIXTmCbr0=&xkcb=SoAf-_M3SEffk1RuWZ0LbzkdCdPP&p=9&fvj=0&vjs=3,https://de.indeed.com/applystart?jk=8de4f946de77d502&from=vj&pos=bottom&mvj=0&spon=1&adid=360475652&ad=-6NYlbfkN0AMdx3XuGgeXDUKVBav4gVCTqmdunh_dq3h9fCr_7TCDo9_x5rRB_OaRUww9ctK0fAwM9RDgmCl3aEpDms8LBLWQKnfXXPsL6B5NQminR_APZh5UkSlBZ7n09V4R6KIFwQ2qvjOz3ydjALyYPimbh_IAkZPi40MLDbkKDYhlYv0k26f_-PhXd8hgj5inxgKnatVprtcCeDG4nvo1hQiWN8myksHm6H4W76kF6vizjLrpRoUVS1--YAIoEW64sIGEOkvfy2-0P4NMEXaq6ad8_wLY6G3-fyW8C1HdReuGQI0WCXIWr7MwyM-w-vOLs995FMInxTyCAwvQQZri8ZDq5-DieYeQf8E7D8hpVldOOwDtF4toiMxEMmtdoS8BDR4CW8ZLZnh7TmuXpOhD9H68pmVJvWtGerP8eI%3D&sjdu=mxDeNQwrsvl0iMqeyQhPX-JLpdCUkGJ3thZjqCMuvvmJ57sa4q53Agp9sDJw3Xqt&vjfrom=serp&astse=4da5f8308adb1e54&assa=6931,,Entwicklungsingenieur Connected Car Services (m/w/d),,Vollzeit,engineering people GmbH,38100 Braunschweig
10,https://indeed.de/pagead/clk?mo=r&ad=-6NYlbfkN0CpBbioUG-pno_oPtZ0n26bDubwaG7X61GxR28E-uhfKdCXL-RqEeCS0lyuH_iIgN81sFbDMUp8T2rvOOWvsFENp_ursu64Ucm3hs-FU1O_ppNd-b6xm1b-MfuZgjrGuKd8CC2Kynpe18aDpxUY1Mm9Y9hgyq1eI5MxesOnHn1_TmY3RN-WWcF75qprp73bNcN_knU9TB2oaXvuDXlt5d28ky8blkMaMGkNu9d-oKjZMbq1LiYv25vydeIK_FmjMVskwgEyu1RbQmBcH3pJWx9rYhr_03-5qdbVV9ku7Za5QpVWQPRCgwky4UoFtlG0ulieo9iOs03WSI7xFDrvSHEiGS2YcU_JvTD9SYeMytj0xg6nqgcI5YS6d40I5Ycw2MqVGjJGiWGDwKP0DSGw3cDM4eUpfFcK-_BwX_YXFKYBpABU7pyrqmRIUDJig8WQiYh97pIM7JHot51SltGGDj7YS91c4FUwzFX9Y4w4RdT-BRvI-1Db-kv494qEUb0pbdAaL-9tG3sfE9GnugaTEoOB6SNneI1J59VSgY3auWVEjJ13mrfrDOUosLy6YbK_B1sSPBVCRV4m3wL3hnidip3DEcsuEpOA_pmQjsK6ysGkH5PAQC34TZvljzRqzagtrfSWmWiX2hGILjtIsNroJnL3PrMHT7yAw3MpGCW9wmhuTXYio19Kk3YRJvVS80LnHdqdDzTVJCWZjw6IqgL5KG5Cis0krZWABps8uF9AHu5vH1hCRBhWjD56Y_G0Yx7YI59x4HJyzK2t5qI1491Kr_GxB2m3Qi7QGXxDv5s66pXt5goopJxjOzU_TOMxV_ehHswVzVnGkKx2t-MlK5EU_6XYgmuJLkm3riFnDxkdfcnKrEXgOXDZGN4KJjOcnK5Id89KjaqPsFLSrMbXDFgnmDNAN3pGAi8Q7RndxOb3HgRbwknzXSd2yWsNuudgMNUo4RYQh0Au7i5_j6p1gk2GAtUtGZgCIuksJg1L5oAwbEUMxCqTQ3NpcFOt&xkcb=SoCr-_M3SEffk1RuWZ0KbzkdCdPP&p=10&fvj=0&vjs=3,https://de.indeed.com/applystart?jk=8fad46f4930d319b&from=vj&pos=bottom&mvj=0&spon=1&adid=399610602&ad=-6NYlbfkN0CpBbioUG-pno_oPtZ0n26bDubwaG7X61GxR28E-uhfKdCXL-RqEeCS0lyuH_iIgN81sFbDMUp8T2rvOOWvsFENp_ursu64Ucm3hs-FU1O_pokCwYBityrj6nyFSR4HPGDex6u825b5XiI_rQQF2S-AnEHUps5rOdPhH_UsMdT3QTUiAuWleEyi0y3eSZgo9KKyC5WsWw5wjWA5MHRAssI8eC_NdmOD2Z6SYlHk0C6HRz9dlyBPRN2ZvVrolBzr0CUkOzJ0FPWsaivE1csH-F9TUhUKAoPrS0r1wlA1Espkf-O-3GiwiwFU9tbH4h9Qwuo6bCTNS5EBj7V-t8oFFTdtO4AGZOs9JbEWV91lNbU5xy2hFWIWE1wQhvrePsy6NPwuxN2af2J_rDl3X8WwhH19&sjdu=gIk7IymWaHs0dDkfvWak9jMPwfuyvHijUm4RDzS7kl3o_JmObuOGknucrXD8h6r1U6sn-ALQM4oazTxUxQupeuE03kLTRH9Ww92cS2LmwFoz0lOpMGfkn8ouAn0j1wnKmPfAdrWqGQ1XcrU9HWQtlAnc5EmUwD6_ADCYSGItNGE6dew_YRj5otRaFPumf-_myQt961F7Z19CBOVpccsQR0HGARpeNz_6oBwmDKR_XejYkdDPbtnWP78h8gUCC_4Ef2MJ6PJSfbVtWX7y8nlxhaBvn1yEZ3mNxiw-24yWMvqQL3yVIg5-pqohPXKsdaWYaX3MfqkrcsVi7N6HgufAh5D5VgezKefah4XTMVnibsU7aqtCRnu9RBN_zdiGBc74&vjfrom=serp&astse=e2a501b9295537cb&assa=339,,Hardwareentwickler / FPGA Entwicklungsingenieur (w/m/d),1,,Brunel,Braunschweig
11,https://indeed.de/pagead/clk?mo=r&ad=-6NYlbfkN0CpBbioUG-pno_oPtZ0n26bDubwaG7X61GxR28E-uhfKdCXL-RqEeCS0lyuH_iIgN96_ZsKfoObCY6chkCFAkOsJN-7cuLZsIdhQupK2LSfUoaJ57mkbjz0K51e_RUSS12k4hOLgjyu_IxHvb2VOjGLQbNkygjKfro5dYZ4NQRxYFtya26fxeoBDhwI1jHJzpAHOm9pQ8u41Y6xGi1s4Vot1svXlv2FAfxFErpktL1lj_Ypz67vjWacHQ6IwZFyt9tH7Vfu2Jn11S-j1VrGC6CD_ZSsYNOeMwILWSwQP70iZLzvYnOITWTGEdnpjNBkacXKxAtlo8_xzxMJjl4FxVGHpio-R3HBstfeyt1KIVt77YGodRpAIaO2tic_ZkFVzg8NOY6vn9l0BVT9N65oIdKA2bE3ZMGXvYq7Qe3_6EPaRseg0mPgl5KHbGTpBTFPU4zICXWvLg5RWdUGuCCJsnIzI2LaAuKystunPLbWsC9_64rQLr3tK2JmjT7hlfrhy-1U2OQY5mOnZddVqfpSQwN8lqGPyqDG4QhcT8I3f5E55udbhH5SAMPHgN7GGasU1v_113-8-6TehARIW_-500r2GliMTEusGKtff_Qc5z-x4Wz6_lyrKgPeqJ21OllW_EsI6gDxdS3J36JGhT0b4QDumIUektVO8_95Z2GTyLXCayz0P4fkVIcggdOVgugTV5q3NA0jWFClsP0ckXU0lTgZ7a0FgUQ9PN5A2JEtLnhtIveoYfp_XvH_MvSKB30KKFT277M-l3cph-OTpLhhl2SWNUtnuIuswjzLztTPbDweRvtPq5K6rs_JNBNz1tr1ZadPuoZCoAa-G3W1uqBasfgnuna9K0GUY0vE_WelOOBCr73yB_zlIwsLaOz_rvya8xknmhUEraK8CFUZJh-2Javj11pDr8DkUZ8QIv-Y2UdQJUPiopdoFftDbvYHp3QcjlE=&xkcb=SoA2-_M3SEffk1RuWZ0JbzkdCdPP&p=11&fvj=0&vjs=3,https://de.indeed.com/applystart?jk=1595b789725961e1&from=vj&pos=bottom&mvj=0&spon=1&adid=399610602&ad=-6NYlbfkN0CpBbioUG-pno_oPtZ0n26bDubwaG7X61GxR28E-uhfKdCXL-RqEeCS0lyuH_iIgN96_ZsKfoObCY6chkCFAkOsJN-7cuLZsIdhQupK2LSfUm4HsyRDkN-AgIapjjvudm4qjRyguQCZmyH0z_FqGdrL5qeTMyzlyYGKAqlPXvh6Mf6hiivB-wdLOkG0gNCtJCvQ77_mgpfQC8Yh7-SmCbaI2jEneO52aHZcUldmB98CywGgzqoMjcPHoaavruLNVuwOfWpk7XM1ZWvbL5x07s1Pos3GisGd7Q2oeEff7dNIOjG7kujolIfOGAMOEqwmZclN8BkbyqbMQZvKlD56r4U_ykI9wG-J5JJjxlR9qQeHHCvlxmAqP_oEtwhEVdT2Qwtlmv9XccDW4C8P1koOkSJ-&sjdu=gIk7IymWaHs0dDkfvWak9jMPwfuyvHijUm4RDzS7kl1_f8L7f9frT5sFAmD7-fjwXkx2y0jCNnCDbxL3SIVaZUFDdDNqUXtZTDsLUco9UwuWv9vvDtji6-jpCypKrQg6kdWgmDy8YRbE7RokApbaomjbTRjOmns137OXO8EdY5xvfp0XqZIQSxLGgGIzOuriR6SPoYqV4aq-wusz8CoUmjhlFUie7ye1aILCH-inGXWhEBVs4UlC01H0-VvNv2bTWd3wEgpJY1l0Vr8p6rUvclXU8oT5WzfWfqItikl6f2Fgfg-9KARl8x3PBPeMh4ag_uw3VX9O0sh8AFaxbKI04Q&vjfrom=serp&astse=2fffe639b7a8df25&assa=3909,,Elektronik-Entwicklungsingenieur (w/m/d),10,,Brunel,Niedersachsen
12,https://indeed.de/rc/clk?jk=6660e0e0edc3e7fa&fccid=3fb298ab9da17c70&vjs=3,https://de.indeed.com/applystart?jk=6660e0e0edc3e7fa&from=vj&pos=bottom&mvj=0&spon=0&sjdu=YAMd6UJyGWgvrHoJpyMluoDDplm6SwWjHcxyoDIphKlQwBmbOUoKxsevJG4NhjpIkN0wkll9wDHc3mnStM4Hmg&vjfrom=serp&astse=9de9d7aded3da3d7&assa=7467,,Entwicklungsingenieur/Chemiker im Bereich Batteriezelle (m|w|d),25,Vollzeit,Bertrandt,Braunschweig
13,https://indeed.de/rc/clk?jk=ab76a174235df81f&fccid=a4e4e2eaf26690c9&vjs=3,https://de.indeed.com/applystart?jk=ab76a174235df81f&from=vj&pos=bottom&mvj=0&spon=0&sjdu=YAMd6UJyGWgvrHoJpyMluoDDplm6SwWjHcxyoDIphKlAUqSWWG0L3Nga0suGyuackN0wkll9wDHc3mnStM4Hmg&vjfrom=serp&astse=610d2ecc7cbc0041&assa=781,,Entwicklungsingenieur Infotainment HMI (all genders),,Vollzeit,Accenture,Braunschweig
14,https://indeed.de/pagead/clk?mo=r&ad=-6NYlbfkN0AMdx3XuGgeXDUKVBav4gVCTqmdunh_dq3h9fCr_7TCDo9_x5rRB_OaRUww9ctK0fBUvcvr_oir4w5oNwONLeQ3o-_pdZp0I8zJ9RhC8d_-6HZ95rOnK5VnHvneme-E8s5ezsbhiT1D6YwLPSmA7ORlCXhW_vBOVEZc2hTMql2W4eb6S7QEkbJCesCCOjkxtSnHy_cs0EuztzCli8V7kUwdX0RjMZ8EOdnEF-MNRSU1YhNqrO5rhkVpLx_cH10dxuTTXPnAFOk4NrKVs0to4kS-2GOfOWZz2ehO6gxHPDpuqtkS6XSIeB4PZIgAqabI1STE3yCFgnh7xryYK8sOaGksPoErpHw4VZd37Gzh-aArzHVwN9CDKnNhP-0XoSIXhCxQCUDWWnV2kBp1QP7eTIw78vX2m_8Ef6ukSpfdFD9nyZy-ttC-IdHobDPnxEBJrQVFXzlunAGdvZuPGZ2bU4q8CRC8ouLr_snxl3Aoay8nHnqVRE5a7Ln2tU-bQ9MxFbQ=&xkcb=SoBz-_M3SEffk1xuWZ0JbzkdCdPP&p=14&fvj=0&vjs=3,https://de.indeed.com/applystart?jk=6ac6338555219816&from=vj&pos=bottom&mvj=0&spon=1&adid=360475652&ad=-6NYlbfkN0AMdx3XuGgeXDUKVBav4gVCTqmdunh_dq3h9fCr_7TCDo9_x5rRB_OaRUww9ctK0fBUvcvr_oir4w5oNwONLeQ3o-_pdZp0I8zJ9RhC8d_-6Eac_Tb9I0F95AiAHf5PedqZd5xWA1d4Em_4EOU-y1CFyQh_pwuztpzUX1cvaXnR8zhgtdgA2yXgg08472SbL2xOiQH83ZlYLxOAAlojj4t425pYFcSNXyQKhjiPXkzzBJi0bbcs1q884PBcy8o3cQS-jHVfDJA9PaMCN7iuinf6MwrGmTXEg31FA5VhakqMdWZ4iQVl1qa0EXeJD1698Et_IMDF_YTOIJAATKPWqHChiCEMKVopFdB-V_3lzZm2YIwpZRPc0l-9ubOlf8g1flX65AYaXf3n56jTnv8cmKYGfPCe4Cbf6VE%3D&sjdu=mxDeNQwrsvl0iMqeyQhPX01QirBH0gvCHPhbx3hndzzE5FmnrW6mN5WZgzcmnGi6&vjfrom=serp&astse=fb08a38536ad29e0&assa=4265,,Safety Manager Entwicklungsingenieur (m/w/d),,Vollzeit,engineering people GmbH,38100 Braunschweig
